subtype,gene,direction
1,ZWILCH,down
1,ZWILCH,down
1,ZW10,down
1,ZRANB1,down
1,ZPLD1,down
1,ZP4,down
1,ZNF843,down
1,ZNF75D,down
1,ZNF593,down
1,ZNF580,down
1,ZNF566,down
1,ZNF526,down
1,ZNF483,down
1,ZNF382,down
1,ZNF34,down
1,ZNF334,down
1,ZNF329,down
1,ZNF276,down
1,ZNF276,down
1,ZNF275,down
1,ZNF18,down
1,ZNF10,down
1,ZNF10,down
1,ZKSCAN7,down
1,ZHX3,down
1,ZHX2,down
1,ZHX2,down
1,ZHX1,down
1,ZG16,down
1,ZG16,down
1,ZFYVE27,down
1,ZFP36,down
1,ZFAND5,down
1,ZFAND2B,down
1,ZFAND1,down
1,ZFAND1,down
1,ZFAND1,down
1,ZDHHC4,down
1,ZCCHC18,down
1,ZCCHC17,up
1,ZCCHC17,down
1,ZBTB33,down
1,ZBTB16,down
1,ZBP1,down
1,ZAP70,down
1,ZADH2,down
1,YWHAZ,down
1,YWHAZ,down
1,YWHAZ,down
1,YWHAQ,down
1,YWHAH,down
1,YWHAH,down
1,YWHAH,down
1,YWHAG,down
1,YWHAG,down
1,YWHAE,down
1,YWHAB,down
1,YWHAB,down
1,YWHAB,down
1,YTHDC1,down
1,YME1L1,down
1,YJU2,down
1,YES1,down
1,YES1,down
1,YEATS4,down
1,YBX2,down
1,YBX1,down
1,YBX1,down
1,YARS1,down
1,YARS1,down
1,YARS1,down
1,YAP1,down
1,XYLT2,down
1,XYLB,down
1,XXYLT1,down
1,XRCC6,down
1,XRCC6,down
1,XRCC4,down
1,XRCC4,down
1,XRCC1,down
1,XPNPEP1,down
1,XDH,down
1,XCL2,down
1,XCL1,down
1,XCL1,down
1,XBP1,down
1,WWP1,down
1,WTAP,down
1,WSCD2,down
1,WSCD2,down
1,WNT7A,down
1,WNT5A,down
1,WNT16,down
1,WNT11,down
1,WIF1,down
1,WFIKKN2,down
1,WFIKKN2,up
1,WFIKKN1,down
1,WFIKKN1,down
1,WFDC5,down
1,WFDC5,down
1,WFDC2,down
1,WFDC13,down
1,WFDC10B,down
1,WFDC10A,down
1,WFDC1,down
1,WEE2,down
1,WEE2,down
1,WDR5,down
1,WDR5,down
1,WDR48,down
1,WDR26,down
1,WDR26,down
1,WBP2,down
1,WASL,down
1,WAS,down
1,WAS,down
1,WARS1,down
1,WARS1,down
1,VWF,down
1,VWF,down
1,VWC2,down
1,VWC2,down
1,VWA2,down
1,VWA2,down
1,VWA1,down
1,VWA1,down
1,VTI1B,down
1,VTI1A,down
1,VTA1,down
1,VTA1,down
1,VTA1,down
1,VSX1,down
1,VSTM1,down
1,VSNL1,down
1,VSIR,down
1,VSIG4,down
1,VSIG10L,down
1,VSIG10L,down
1,VSIG1,down
1,VSIG1,down
1,VRK1,down
1,VPS4B,up
1,VPS29,down
1,VPS28,down
1,VPS26A,up
1,VPS26A,down
1,VOPP1,down
1,VNN2,down
1,VMAC,down
1,VLDLR,down
1,VIT,up
1,VIT,down
1,VIP,down
1,VIP,down
1,VIL1,up
1,VIL1,down
1,VIL1,down
1,VGLL4,down
1,VEGFD,up
1,VEGFC,down
1,VEGFC,down
1,VEGFC,down
1,VEGFB,down
1,VEGFA,up
1,VEGFA,down
1,VCX3A,down
1,VCX,down
1,VCP,down
1,VCAM1,down
1,VBP1,down
1,VAV3,down
1,VAV3,down
1,VAV3,down
1,VAV1,down
1,VAV1,down
1,VAT1,up
1,VAT1,down
1,VASP,down
1,VASP,down
1,VAPB,down
1,VAPA,up
1,VAMP7,down
1,VAMP4,down
1,VAMP3,up
1,VAC14,down
1,UXS1,down
1,UTS2B,down
1,UTS2,down
1,UST,up
1,USP8,down
1,USP8,up
1,USP46,down
1,USP4,down
1,USP30,down
1,USP28,down
1,USP21,down
1,USP19,up
1,USP11,down
1,USP11,up
1,USP10,up
1,USF2,down
1,USF1,up
1,USB1,down
1,UROS,down
1,UROS,down
1,UPP2,down
1,UPP1,down
1,UPP1,down
1,UPB1,up
1,UNC5D,up
1,UNC5D,up
1,UNC5D,down
1,UNC5C,down
1,UNC5C,up
1,UNC5B,down
1,UNC5B,down
1,UNC45A,up
1,UNC45A,up
1,UNC13A,up
1,ULK3,down
1,ULBP3,down
1,ULBP3,down
1,ULBP2,down
1,ULBP1,down
1,UGT1A1,up
1,UGP2,up
1,UGDH,down
1,UFM1,up
1,UFD1,down
1,UFD1,down
1,UFC1,down
1,UCK2,down
1,UCK1,down
1,UCK1,up
1,UCHL1,up
1,UBXN4,down
1,UBXN4,down
1,UBTD2,down
1,UBQLN4,down
1,UBLCP1,down
1,UBL5,down
1,UBL3,up
1,UBE3A,down
1,UBE2T,down
1,UBE2R2,down
1,UBE2R2,down
1,UBE2Q1,up
1,UBE2N,down
1,UBE2N,up
1,UBE2L6,up
1,UBE2L3,up
1,UBE2L3,down
1,UBE2K,down
1,UBE2K,down
1,UBE2I,up
1,UBE2I,down
1,UBE2H,up
1,UBE2G2,down
1,UBE2G1,down
1,UBE2E3,up
1,UBE2E3,up
1,UBE2E1,down
1,UBE2D4,up
1,UBE2D4,down
1,UBE2D3,up
1,UBE2D2,up
1,UBE2D1,up
1,UBC,down
1,UBASH3B,up
1,UBASH3B,down
1,UBASH3B,up
1,UBA7,up
1,UBA7,up
1,UBA7,up
1,UBA6,up
1,UBA6,up
1,UBA6,down
1,UBA5,up
1,UBA1,up
1,UBA1,down
1,TYMP,up
1,TYK2,down
1,TXNRD3NB,up
1,TXNRD1,down
1,TXNRD1,down
1,TXNL4B,up
1,TXNL4B,up
1,TXNL4A,up
1,TXNIP,up
1,TXNDC5,down
1,TXNDC5,up
1,TXNDC5,up
1,TXNDC12,up
1,TXNDC12,up
1,TXN,down
1,TXLNA,down
1,TXLNA,down
1,TWSG1,down
1,TWSG1,down
1,TWF2,down
1,TWF2,down
1,TWF2,up
1,TWF1,down
1,TUFT1,down
1,TUFT1,down
1,TTN,up
1,TTN,up
1,TTL,up
1,TTC9B,down
1,TTC36,up
1,TTC33,down
1,TTC25,down
1,TTC25,up
1,TTC17,up
1,TTC1,up
1,TTC1,up
1,TTC1,up
1,TSSC4,down
1,TSSC4,up
1,TSLP,up
1,TSLP,up
1,TSG101,up
1,TSG101,up
1,TRMT61B,up
1,TRIP10,down
1,TRIP10,down
1,TRIP10,up
1,TRIO,down
1,TRIML1,down
1,TRIM9,down
1,TRIM9,up
1,TRIM62,up
1,TRIM54,up
1,TRIM28,down
1,TRIM27,down
1,TRIB2,up
1,TREML2,up
1,TREML1,up
1,TREM2,down
1,TREM1,up
1,TRDMT1,up
1,TRAT1,down
1,TRAPPC6B,up
1,TRAPPC5,down
1,TRAPPC4,up
1,TRAPPC3,up
1,TRAPPC2,up
1,TRAPPC2,up
1,TRAPPC13,up
1,TRAPPC13,up
1,TRAF4,down
1,TRAF1,up
1,TRADD,up
1,TRABD,down
1,TRA2B,down
1,TPT1,up
1,TPT1,down
1,TPST2,down
1,TPSAB1,up
1,TPRKB,up
1,TPPP2,down
1,TPP1,up
1,TPMT,up
1,TPM4,down
1,TPM4,up
1,TPM4,down
1,TPM2,up
1,TPM1,down
1,TPK1,up
1,TPK1,down
1,TPI1,up
1,TPI1,up
1,TPI1,up
1,TPGS2,up
1,TPGS2,down
1,TPD52L2,down
1,TPD52L2,down
1,TP63,down
1,TP53I3,down
1,TOX3,down
1,TOR4A,up
1,TOR4A,down
1,TOR1AIP1,up
1,TOR1AIP1,up
1,TOP1,up
1,TOMM20L,down
1,TOMM20L,down
1,TOMM20,up
1,TOM1L2,up
1,TOM1L1,down
1,TOM1L1,down
1,TOLLIP,down
1,TOLLIP,up
1,TOLLIP,down
1,TNXB,up
1,TNS2,up
1,TNRC6B,up
1,TNRC6B,up
1,TNNT2,down
1,TNNI3,down
1,TNKS,up
1,TNFSF15,up
1,TNFSF15,up
1,TNFSF15,up
1,TNFSF14,up
1,TNFSF14,up
1,TNFSF13B,up
1,TNFSF12,down
1,TNFSF12,up
1,TNFSF11,up
1,TNFSF11,down
1,TNFSF10,down
1,TNFRSF9,down
1,TNFRSF9,up
1,TNFRSF8,down
1,TNFRSF6B,down
1,TNFRSF4,down
1,TNFRSF4,up
1,TNFRSF21,down
1,TNFRSF21,down
1,TNFRSF1B,down
1,TNFRSF1A,up
1,TNFRSF19,down
1,TNFRSF18,up
1,TNFRSF17,up
1,TNFRSF14,down
1,TNFRSF14,up
1,TNFRSF14,up
1,TNFRSF13C,down
1,TNFRSF13B,up
1,TNFRSF12A,up
1,TNFRSF11B,up
1,TNFRSF11A,up
1,TNFRSF10D,up
1,TNFRSF10B,up
1,TNFRSF10B,down
1,TNFRSF10A,up
1,TNFRSF10A,up
1,TNFAIP8,down
1,TNF,up
1,TNC,down
1,TNC,up
1,TNC,up
1,TMX3,up
1,TMX3,up
1,TMX3,up
1,TMX2,up
1,TMX1,down
1,TMPRSS15,up
1,TMPRSS15,up
1,TMPRSS11A,down
1,TMPO,up
1,TMPO,up
1,TMPO,up
1,TMOD3,up
1,TMOD3,down
1,TMOD2,up
1,TMEM9,down
1,TMEM221,up
1,TMEM185A,up
1,TMEM132D,up
1,TMEM132C,up
1,TMEM132B,down
1,TMEM132B,up
1,TMEM132A,up
1,TMEM132A,down
1,TMEM119,up
1,TMEFF1,down
1,TMEFF1,up
1,TMED9,up
1,TMED4,up
1,TMED2,up
1,TMED2,up
1,TMED10,up
1,TMED10,up
1,TMED10,up
1,TMCO5A,down
1,TMCC3,down
1,TLR2,up
1,TLNRD1,up
1,TLL1,up
1,TLK1,up
1,TLDC2,up
1,TKT,down
1,TKT,up
1,TKT,up
1,TKFC,up
1,TK2,up
1,TIPRL,up
1,TIPRL,down
1,TINAGL1,up
1,TIMP4,up
1,TIMP1,up
1,TIMM21,up
1,TIMM13,down
1,TIGIT,up
1,TIGAR,up
1,TIAM2,up
1,TIAL1,up
1,TIA1,down
1,TIA1,up
1,TIA1,up
1,THYN1,down
1,THY1,down
1,THY1,up
1,THSD7A,down
1,THSD1,up
1,THRB,up
1,THOC1,up
1,THOC1,up
1,THBS4,up
1,THBS2,down
1,THBS2,up
1,THAP4,down
1,THAP11,up
1,TGM4,up
1,TGM2,down
1,TGIF2LY,down
1,TGFBR1,up
1,TGFBI,down
1,TGFB3,down
1,TGFB3,up
1,TGFB3,up
1,TGFB2,up
1,TGFB2,up
1,TGFB1,down
1,TGFB1,up
1,TGFB1,up
1,TG,down
1,TFRC,up
1,TFF3,up
1,TFF2,up
1,TFF1,down
1,TFF1,up
1,TFCP2L1,up
1,TFCP2L1,down
1,TFB1M,down
1,TFAM,up
1,TEX29,up
1,TEX29,up
1,TESC,up
1,TESC,down
1,TES,up
1,TERF1,up
1,TERF1,up
1,TEPSIN,down
1,TENM4,up
1,TENM3,up
1,TEF,up
1,TEC,up
1,TDP1,up
1,TDGF1,up
1,TCP11L1,up
1,TCP10L3,up
1,TCL1B,up
1,TCL1B,up
1,TCEAL5,up
1,TCEAL5,up
1,TCEAL4,down
1,TCEAL3,up
1,TCEAL2,up
1,TCEAL2,up
1,TCEAL1,down
1,TCEA3,up
1,TCEA2,down
1,TCAP,up
1,TBPL1,down
1,TBPL1,down
1,TBP,up
1,TBL2,up
1,TBK1,up
1,TBK1,up
1,TBCE,up
1,TBCE,up
1,TBCB,up
1,TBCB,up
1,TBC1D28,up
1,TBC1D22B,up
1,TBC1D22B,up
1,TBC1D20,up
1,TAX1BP3,down
1,TAX1BP1,up
1,TATDN3,down
1,TAT,up
1,TARS1,up
1,TARS1,up
1,TARS1,up
1,TARDBP,up
1,TARBP2,down
1,TANK,up
1,TAGLN3,down
1,TAGLN3,down
1,TAGLN2,up
1,TAGLN,up
1,TAFA4,down
1,TAF8,up
1,TAF15,up
1,TAF15,up
1,TAF15,down
1,TAF10,down
1,TADA2A,up
1,TADA1,up
1,TACSTD2,up
1,TACSTD2,up
1,TACC3,down
1,TACC3,up
1,TAC4,up
1,SYTL4,up
1,SYTL4,up
1,SYTL4,up
1,SYT7,up
1,SYT4,up
1,SYT17,down
1,SYT17,down
1,SYT13,up
1,SYT11,up
1,SYT11,down
1,SYNJ2BP,down
1,SYNJ2BP,up
1,SYNGR3,up
1,SYNCRIP,up
1,SYN3,up
1,SYK,up
1,SYK,down
1,SYAP1,up
1,SVEP1,up
1,SVBP,up
1,SVBP,up
1,SV2A,down
1,SUN5,up
1,SUMO4,up
1,SUMO3,up
1,SUMO3,up
1,SUMO2,up
1,SUMO2,up
1,SUMF2,up
1,SUMF2,down
1,SUMF1,up
1,SULT2B1,up
1,SULT1C4,down
1,SULT1A3,up
1,SULF2,down
1,SULF2,up
1,SUGT1,up
1,SUGT1,up
1,SUFU,down
1,SUB1,down
1,STX4,up
1,STX2,up
1,STX1A,up
1,STX1A,up
1,STX12,down
1,STOML2,up
1,STOML1,down
1,STOML1,up
1,STOM,up
1,STMN4,down
1,STMN3,up
1,STMN3,up
1,STMN2,up
1,STMN2,up
1,STMN1,down
1,STK3,up
1,STK3,up
1,STK24,up
1,STK24,up
1,STK24,up
1,STK17B,down
1,STK16,up
1,STK10,up
1,STIP1,up
1,STIM1,up
1,STC1,up
1,STAU1,up
1,STAU1,up
1,STAT6,up
1,STAT5A,up
1,STAT3,up
1,STAT3,up
1,STAT1,up
1,STAT1,up
1,STARD7,up
1,STARD5,up
1,STARD5,up
1,STARD10,up
1,STARD10,up
1,STAR,up
1,STAR,up
1,STAMBPL1,up
1,STAMBP,up
1,STAC,up
1,STAC,up
1,ST8SIA6,down
1,ST8SIA2,up
1,ST6GALNAC6,up
1,ST6GALNAC3,down
1,ST6GALNAC2,up
1,ST6GAL1,up
1,ST6GAL1,up
1,ST3GAL6,up
1,ST3GAL6,up
1,ST3GAL2,up
1,ST3GAL1,up
1,SSTR1,up
1,SST,up
1,SSRP1,up
1,SSR2,down
1,SSNA1,up
1,SSBP1,up
1,SSB,up
1,SRXN1,up
1,SRSF7,up
1,SRSF6,up
1,SRRT,up
1,SRRT,up
1,SRPK1,up
1,SRP14,up
1,SRL,up
1,SRGAP2,up
1,SRFBP1,up
1,SRC,up
1,SRC,up
1,SRC,up
1,SRA1,up
1,SRA1,up
1,SQSTM1,up
1,SPTLC2,down
1,SPTAN1,up
1,SPRN,down
1,SPR,down
1,SPON2,up
1,SPON1,up
1,SPOCK2,up
1,SPOCK1,up
1,SPINT1,up
1,SPINT1,up
1,SPINK9,up
1,SPINK8,up
1,SPINK5,up
1,SPINK4,down
1,SPINK4,up
1,SPINK2,up
1,SPINK14,down
1,SPINK13,down
1,SPINK1,up
1,SPIN3,up
1,SPI1,up
1,SPHK2,up
1,SPHK1,up
1,SPHK1,down
1,SPHK1,up
1,SPECC1,up
1,SPDL1,up
1,SPDL1,up
1,SPATC1L,up
1,SPATC1L,up
1,SPATA5,up
1,SPATA33,down
1,SPATA31D4,down
1,SPATA22,up
1,SPAST,up
1,SPAST,up
1,SPART,down
1,SPART,down
1,SPARCL1,up
1,SPARCL1,up
1,SPARC,up
1,SPANXN4,up
1,SPAG7,down
1,SPAG7,up
1,SPACA5,down
1,SPACA1,up
1,SOX9,up
1,SOX2,up
1,SOX10,up
1,SOST,up
1,SORCS3,down
1,SOD2,down
1,SOD1,up
1,SOD1,up
1,SOCS7,up
1,SNX5,down
1,SNX4,up
1,SNX4,up
1,SNX3,up
1,SNX17,up
1,SNX17,up
1,SNX16,up
1,SNX15,up
1,SNX12,down
1,SNX12,up
1,SNX11,down
1,SNUPN,up
1,SNTN,up
1,SNTB1,up
1,SNTB1,down
1,SNTB1,up
1,SNTA1,up
1,SNTA1,up
1,SNTA1,up
1,SNRPF,up
1,SNRPD3,up
1,SNRPC,down
1,SNRPA,up
1,SND1,up
1,SNAPIN,up
1,SNAP29,up
1,SNAP23,up
1,SNAI2,down
1,SMURF2,down
1,SMURF1,up
1,SMURF1,down
1,SMURF1,up
1,SMS,up
1,SMS,up
1,SMR3A,up
1,SMR3A,up
1,SMPDL3A,down
1,SMOC2,down
1,SMOC1,up
1,SMNDC1,up
1,SMN1,down
1,SMIM9,down
1,SMIM3,up
1,SMIM13,up
1,SMCO2,up
1,SMCO1,up
1,SMC3,up
1,SMAP1,up
1,SMAP1,up
1,SMAD5,up
1,SMAD5,up
1,SMAD5,up
1,SMAD4,up
1,SMAD3,up
1,SMAD2,up
1,SMAD2,up
1,SLTM,up
1,SLPI,down
1,SLITRK6,up
1,SLITRK4,up
1,SLITRK3,up
1,SLITRK1,up
1,SLITRK1,up
1,SLIT3,up
1,SLIT1,up
1,SLFNL1,up
1,SLC9A3R1,up
1,SLC9A3R1,up
1,SLC5A8,up
1,SLC30A3,up
1,SLC27A2,up
1,SLC26A7,up
1,SLC25A18,up
1,SLC14A2,up
1,SLC14A1,down
1,SLBP,up
1,SLAMF9,down
1,SLAMF6,down
1,SLAMF1,up
1,SKP1,up
1,SKP1,up
1,SKIL,down
1,SIX6,up
1,SIRT3,up
1,SIRT1,up
1,SIRT1,up
1,SIRPB2,up
1,SIRPB2,up
1,SIRPB1,up
1,SIGLEC6,up
1,SIGLEC5,up
1,SIGLEC14,down
1,SIGLEC11,up
1,SIAH1,up
1,SIAE,down
1,SHMT2,up
1,SHMT2,up
1,SHISAL2A,up
1,SHISA2,up
1,SHH,down
1,SHC4,up
1,SHC4,up
1,SHANK3,up
1,SHANK3,up
1,SH3KBP1,up
1,SH3KBP1,up
1,SH3GLB2,up
1,SH3GLB1,up
1,SH3GL3,up
1,SH3GL3,up
1,SH3GL2,up
1,SH3GL2,up
1,SH3BP5,up
1,SH3BP2,up
1,SH3BGRL3,up
1,SH3BGRL2,up
1,SH3BGRL2,up
1,SH3BGRL2,up
1,SH3BGRL,up
1,SH2D1A,down
1,SH2D1A,up
1,SGTA,up
1,SGK3,up
1,SGK1,up
1,SFTPD,up
1,SFTA2,up
1,SFRP4,up
1,SFRP1,up
1,SFN,up
1,SF3B6,up
1,SF3B6,up
1,SF3B4,up
1,SF1,down
1,SEZ6L2,down
1,SEZ6L,up
1,SETMAR,up
1,SETD2,up
1,SETBP1,down
1,SET,up
1,SET,up
1,SERTAD3,up
1,SERPINI2,up
1,SERPINI2,up
1,SERPINH1,up
1,SERPINH1,up
1,SERPING1,up
1,SERPING1,up
1,SERPINF2,up
1,SERPINF1,up
1,SERPINE2,up
1,SERPINE2,up
1,SERPINE1,down
1,SERPIND1,up
1,SERPINC1,up
1,SERPINB8,up
1,SERPINB8,up
1,SERPINB5,up
1,SERPINB3,up
1,SERPINB3,up
1,SERPINB13,up
1,SERPINA4,up
1,SERPINA3,up
1,SERPINA3,up
1,SERPINA10,up
1,SERF1A,up
1,SEPTIN6,down
1,SEPTIN5,up
1,SEPTIN3,up
1,SEPTIN11,up
1,SEPTIN1,down
1,SEPSECS,up
1,SEPSECS,up
1,SENP7,down
1,SENP1,up
1,SEMA6D,up
1,SEMA6C,up
1,SEMA6B,up
1,SEMA5B,down
1,SEMA4G,up
1,SEMA4F,down
1,SEMA4C,up
1,SEMA4B,up
1,SEMA4A,up
1,SEMA3G,up
1,SEMA3C,up
1,SEMA3B,up
1,SEMA3A,up
1,SELL,down
1,SELENOW,up
1,SELENOS,up
1,SELENOM,up
1,SELENOH,down
1,SELENOF,up
1,SELENOF,up
1,SEL1L2,down
1,SECTM1,up
1,SECTM1,up
2,SEC61G,up
2,SEC61G,up
2,SEC61B,up
2,SEC14L4,down
2,SEC14L4,up
2,SEC13,up
2,SEC13,up
2,SDSL,down
2,SDHB,down
2,SDHB,up
2,SDHAF2,up
2,SDHAF1,down
2,SDHAF1,up
2,SDF2L1,up
2,SDF2L1,up
2,SDCBP2,up
2,SCT,down
2,SCP2,up
2,SCP2,up
2,SCO2,up
2,SCO2,up
2,SCO1,up
2,SCN4B,up
2,SCIN,up
2,SCIMP,up
2,SCIMP,down
2,SCGN,down
2,SCGN,up
2,SCGB2A1,up
2,SCGB1D2,up
2,SCGB1D1,up
2,SCG5,up
2,SCG3,up
2,SCG3,up
2,SCARF2,up
2,SCARF1,up
2,SCARB2,up
2,SCARA5,down
2,SCARA3,up
2,SCAND1,up
2,SBDS,up
2,SATB1,up
2,SAT2,up
2,SAT1,up
2,SAT1,up
2,SARS1,up
2,SARG,down
2,SAR1A,up
2,SAR1A,up
2,SAR1A,up
2,SAP18,up
2,SAMSN1,up
2,SAMSN1,up
2,SAG,up
2,SAA2,up
2,SAA1,up
2,S100A9,up
2,S100A9,up
2,S100A6,up
2,S100A4,up
2,S100A2,up
2,S100A16,down
2,S100A14,up
2,S100A12,up
2,S100A12,up
2,S100A11,down
2,S100A11,up
2,RYBP,up
2,RYBP,up
2,RXRA,up
2,RXFP1,down
2,RWDD4,up
2,RWDD4,up
2,RWDD1,up
2,RWDD1,up
2,RWDD1,down
2,RUVBL1,up
2,RUNX3,up
2,RTN4RL1,up
2,RTN4RL1,up
2,RTN4R,up
2,RTF1,up
2,RTCA,up
2,RSPO4,up
2,RSPO4,up
2,RSPO3,up
2,RSPO3,down
2,RSPO2,down
2,RSPO2,up
2,RSPO1,up
2,RSPO1,up
2,RRM2B,up
2,RRAS2,up
2,RRAS2,up
2,RRAS,up
2,RRAD,up
2,RPS7,up
2,RPS6KB2,up
2,RPS6KB1,up
2,RPS6KA6,up
2,RPS6KA3,down
2,RPS6KA1,down
2,RPS5,up
2,RPS5,down
2,RPS3A,up
2,RPS3A,up
2,RPS3,up
2,RPS3,up
2,RPS27A,up
2,RPS25,up
2,RPS20,up
2,RPS20,up
2,RPS19,up
2,RPS14,up
2,RPS14,up
2,RPS12,up
2,RPS10,down
2,RPS10,up
2,RPS10,up
2,RPRD1B,up
2,RPRD1B,up
2,RPP30,up
2,RPP25L,up
2,RPN2,up
2,RPN1,up
2,RPN1,up
2,RPL30,up
2,RPL30,up
2,RPL12,down
2,RPL12,up
2,RPL11,up
2,RPL11,up
2,RPIA,up
2,RPAIN,down
2,RP9,up
2,ROR2,up
2,ROR1,up
2,ROR1,up
2,ROR1,up
2,ROCK2,up
2,ROBO3,up
2,RNGTT,up
2,RNGTT,up
2,RNF8,up
2,RNF41,up
2,RNF41,up
2,RNF34,up
2,RNF25,up
2,RNF25,up
2,RNF215,down
2,RNF148,down
2,RNF141,up
2,RNF128,up
2,RNF122,up
2,RNASET2,up
2,RNASEH1,down
2,RNASEH1,up
2,RNASE6,up
2,RNASE4,up
2,RNASE2,up
2,RNASE13,up
2,RNASE10,down
2,RNASE1,down
2,RMDN3,up
2,RLN3,up
2,RLN2,up
2,RLBP1,up
2,RIPPLY1,up
2,RIPK2,up
2,RIPK2,up
2,RIPK2,up
2,RIPK1,down
2,RIPK1,up
2,RIOX2,up
2,RILPL2,up
2,RILPL2,up
2,RIDA,up
2,RIC8A,up
2,RIC8A,up
2,RIC8A,down
2,RIC3,down
2,RHOT1,up
2,RHOQ,up
2,RHOG,up
2,RHOG,down
2,RHOD,up
2,RHOD,up
2,RHOC,up
2,RHOC,up
2,RHOC,down
2,RHOA,up
2,RHOA,down
2,RHOA,down
2,RHEX,down
2,RGS8,down
2,RGS5,up
2,RGS4,up
2,RGS4,up
2,RGS21,up
2,RGS19,up
2,RGS18,up
2,RGS16,up
2,RGS14,up
2,RGS13,up
2,RGS10,up
2,RGS10,up
2,RGS10,up
2,RGN,up
2,RGMB,down
2,RGMB,up
2,RGMB,up
2,RFXAP,up
2,RFX5,up
2,RFNG,up
2,RFC4,up
2,REXO2,up
2,REXO2,down
2,RETNLB,up
2,RETN,up
2,RERG,up
2,RER1,up
2,REPS2,up
2,REN,up
2,REM1,down
2,RELT,up
2,RELL2,up
2,RELB,up
2,REG4,up
2,REG4,up
2,REG3A,up
2,REG3A,up
2,REG1B,up
2,REG1A,down
2,RECQL,up
2,RECQL,up
2,RDH16,up
2,RDH16,up
2,RDH13,up
2,RDH13,up
2,RDH12,up
2,RDH10,down
2,RCAN3,down
2,RCAN3,up
2,RCAN1,down
2,RBPMS2,up
2,RBPMS2,up
2,RBP7,up
2,RBP5,up
2,RBP4,up
2,RBP2,up
2,RBP2,up
2,RBP1,up
2,RBP1,up
2,RBM46,up
2,RBM39,up
2,RBM3,up
2,RBM3,up
2,RBM23,up
2,RBM23,down
2,RBM18,down
2,RBL2,up
2,RBFOX2,down
2,RBFOX2,up
2,RBFOX1,up
2,RBFOX1,up
2,RBBP9,up
2,RBBP6,down
2,RBBP5,up
2,RBBP5,up
2,RASSF2,down
2,RARRES2,up
2,RAPGEF5,up
2,RAP1GDS1,up
2,RAP1GDS1,up
2,RANBP3,up
2,RAN,up
2,RALYL,up
2,RALYL,up
2,RALB,down
2,RAG1,up
2,RAET1L,up
2,RAD51,up
2,RAD23A,down
2,RAD1,down
2,RAC2,down
2,RAC2,down
2,RAC2,up
2,RAC1,up
2,RAC1,up
2,RAC1,down
2,RABL3,up
2,RAB8B,up
2,RAB8B,up
2,RAB8B,up
2,RAB7A,down
2,RAB7A,up
2,RAB7A,up
2,RAB6B,up
2,RAB6B,up
2,RAB6A,up
2,RAB6A,up
2,RAB6A,up
2,RAB5C,up
2,RAB5C,up
2,RAB5B,up
2,RAB5B,up
2,RAB5A,up
2,RAB5A,up
2,RAB4B,up
2,RAB4B,up
2,RAB43,down
2,RAB3D,up
2,RAB3D,up
2,RAB3C,down
2,RAB3C,up
2,RAB3B,up
2,RAB39B,up
2,RAB38,down
2,RAB35,up
2,RAB32,up
2,RAB32,up
2,RAB31,up
2,RAB2B,up
2,RAB24,up
2,RAB22A,up
2,RAB21,down
2,RAB21,up
2,RAB21,up
2,RAB1B,up
2,RAB1B,up
2,RAB1B,up
2,RAB1A,up
2,RAB17,up
2,RAB11FIP3,down
2,RAB11B,up
2,RAB11B,down
2,RAB11B,up
2,RAB11A,up
2,RAB11A,down
2,RAB11A,up
2,QSOX1,up
2,QPRT,up
2,QDPR,up
2,PZP,up
2,PYY,up
2,PYY,up
2,PYGL,up
2,PYGB,up
2,PYGB,down
2,PYGB,up
2,PYCR1,down
2,PYCARD,down
2,PYCARD,up
2,PXDNL,up
2,PXDN,up
2,PWWP3A,down
2,PWWP2B,up
2,PWWP2B,up
2,PVRIG,up
2,PVRIG,up
2,PURB,up
2,PURB,up
2,PURA,up
2,PUF60,down
2,PUF60,up
2,PUDP,up
2,PTTG1,up
2,PTS,up
2,PTRH2,up
2,PTRH2,up
2,PTPRS,up
2,PTPRS,down
2,PTPRJ,up
2,PTPRD,up
2,PTPN9,up
2,PTPN9,up
2,PTPN7,up
2,PTPN6,up
2,PTPN2,up
2,PTPN13,up
2,PTPN11,up
2,PTPN11,down
2,PTPN1,up
2,PTP4A3,down
2,PTP4A2,up
2,PTP4A1,up
2,PTN,up
2,PTK7,up
2,PTK2B,down
2,PTK2,up
2,PTHLH,down
2,PTH1R,down
2,PTH,up
2,PTH,up
2,PTGR1,up
2,PTGFRN,down
2,PTGES3,up
2,PTGES3,up
2,PTGES2,up
2,PTGES2,up
2,PTGDS,up
2,PTGDS,up
2,PTEN,up
2,PSTPIP1,down
2,PSPC1,up
2,PSPC1,down
2,PSMG3,up
2,PSME3,up
2,PSME3,up
2,PSME2,up
2,PSME2,up
2,PSME1,up
2,PSMD9,up
2,PSMD7,down
2,PSMD6,up
2,PSMD5,up
2,PSMD4,down
2,PSMD10,up
2,PSMD10,up
2,PSMC3IP,up
2,PSMB9,up
2,PSMB6,up
2,PSMB4,up
2,PSMB3,up
2,PSMB2,up
2,PSMB1,up
2,PSMA6,up
2,PSMA6,down
2,PSMA4,up
2,PSMA3,up
2,PSMA3,up
2,PSMA2,up
2,PSMA1,up
2,PSMA1,up
2,PSIP1,up
2,PSIP1,up
2,PSG9,up
2,PSG8,up
2,PSG6,up
2,PSG5,up
2,PSG4,up
2,PSG11,up
2,PSG11,up
2,PSG1,up
2,PSENEN,up
2,PSD,up
2,PRTN3,up
2,PRTN3,up
2,PRTFDC1,down
2,PRTFDC1,up
2,PRSS8,up
2,PRSS8,up
2,PRSS57,up
2,PRSS35,up
2,PRSS3,up
2,PRSS27,up
2,PRSS22,up
2,PRSS2,down
2,PRSS1,up
2,PRRT2,up
2,PRR16,down
2,PRR15,down
2,PRR15,up
2,PRPSAP1,up
2,PRPS2,down
2,PRPS1,up
2,PRPF6,up
2,PRPF18,up
2,PRPF18,up
2,PROM1,up
2,PROK2,up
2,PROK1,up
2,PROC,up
2,PROC,up
2,PRNP,down
2,PRMT2,up
2,PRMT2,up
2,PRMT1,up
2,PRLR,up
2,PRL,up
2,PRL,up
2,PRL,up
2,PRKG1,up
2,PRKG1,down
2,PRKCZ,up
2,PRKCZ,up
2,PRKCSH,up
2,PRKCI,up
2,PRKCG,up
2,PRKCD,up
2,PRKCD,up
2,PRKCB,up
2,PRKCB,up
2,PRKCB,up
2,PRKCA,up
2,PRKCA,down
2,PRKCA,down
2,PRKAR2B,down
2,PRKAR1A,down
2,PRKACA,up
2,PRKACA,up
2,PRKACA,up
2,PRDX6,up
2,PRDX5,up
2,PRDX4,down
2,PRDX3,up
2,PRDM4,up
2,PRDM1,down
2,PRC1,up
2,PRC1,down
2,PRAME,up
2,PQBP1,up
2,PPT1,up
2,PPT1,up
2,PPP4R3A,up
2,PPP3R2,up
2,PPP2R5A,down
2,PPP2R5A,up
2,PPP2R1A,up
2,PPP1R9B,up
2,PPP1R9B,up
2,PPP1R8,down
2,PPP1R2,up
2,PPP1R1A,up
2,PPP1R14A,up
2,PPP1R14A,up
2,PPP1R10,up
2,PPP1R10,up
2,PPP1CC,up
2,PPP1CC,up
2,PPP1CC,up
2,PPM1L,up
2,PPM1D,up
2,PPM1B,up
2,PPIL2,up
2,PPIL2,up
2,PPIL2,up
2,PPIG,down
2,PPIF,up
2,PPIF,up
2,PPIF,up
2,PPIE,up
2,PPID,up
2,PPID,down
2,PPIC,up
2,PPIB,up
2,PPIA,up
2,PPIA,up
2,PPIA,up
2,PPCS,up
2,PPCS,up
2,PPCDC,up
2,PPARGC1A,down
2,PPA2,up
2,PPA2,down
2,PPA1,up
2,POTEG,up
2,PON2,up
2,PON1,up
2,POMC,up
2,POMC,down
2,POMC,down
2,POLR3F,up
2,POLR2K,up
2,POLR2J,up
2,POLR2I,up
2,POLR2F,up
2,POLR1C,down
2,POLM,up
2,POLI,up
2,POLE3,up
2,POLE2,down
2,POLB,up
2,POLB,up
2,POGLUT1,up
2,POGLUT1,up
2,PNPT1,up
2,PNPT1,up
2,PNPO,up
2,PNPLA2,up
2,PNMA2,up
2,PNMA2,up
2,PNLIPRP1,up
2,PMS2,up
2,PMPCA,up
2,PMM2,up
2,PMM2,down
2,PML,up
2,PML,up
2,PMF1,up
2,PMEPA1,up
2,PLXNB3,up
2,PLVAP,up
2,PLTP,up
2,PLS3,up
2,PLS1,up
2,PLPP4,up
2,PLPBP,up
2,PLPBP,up
2,PLK1,up
2,PLG,up
2,PLG,up
2,PLEKHO2,up
2,PLEKHO2,up
2,PLEKHM2,up
2,PLEKHF2,up
2,PLEKHF2,up
2,PLEKHB1,up
2,PLEK,up
2,PLEK,up
2,PLEK,up
2,PLCG1,up
2,PLCD3,down
2,PLCD1,up
2,PLBD2,up
2,PLBD1,up
2,PLBD1,up
2,PLAUR,up
2,PLAUR,up
2,PLAC8L1,down
2,PLAAT4,down
2,PLAAT3,up
2,PLA2G7,up
2,PLA2G5,up
2,PLA2G5,up
2,PLA2G2E,down
2,PLA2G2C,up
2,PLA2G2C,up
2,PLA2G12B,down
2,PLA2G12A,up
2,PLA2G10,up
2,PLA1A,up
2,PLA1A,up
2,PKN1,up
2,PKM,down
2,PKM,up
2,PKM,down
2,PKDCC,up
2,PKD2,up
2,PIWIL1,up
2,PITX2,up
2,PITPNB,up
2,PITPNA,up
2,PITPNA,down
2,PIR,up
2,PIP4K2B,up
2,PIP4K2B,up
2,PIP4K2B,up
2,PIP4K2A,up
2,PIP4K2A,up
2,PIP4K2A,up
2,PIP,up
2,PIP,up
2,PIN4,down
2,PIN1,up
2,PIN1,up
2,PIM1,up
2,PIM1,up
2,PILRA,down
2,PIK3R1,up
2,PIK3IP1,up
2,PIK3C2A,up
2,PIK3AP1,up
2,PIH1D1,up
2,PIGR,up
2,PICK1,up
2,PICK1,up
2,PIAS4,up
2,PIAS3,up
2,PIANP,down
2,PIANP,up
2,PIANP,down
2,PI3,up
2,PHYHIPL,up
2,PHYHIPL,down
2,PHYH,up
2,PHOSPHO2,up
2,PHKA1,up
2,PHGDH,up
2,PHGDH,up
2,PHF6,up
2,PHF3,up
2,PHF3,up
2,PHF11,up
2,PHEX,down
2,PHETA2,up
2,PHB2,up
2,PHB2,up
2,PGRMC1,up
2,PGRMC1,up
2,PGR,down
2,PGR,up
2,PGPEP1,up
2,PGPEP1,up
2,PGP,down
2,PGM5,up
2,PGM2,down
2,PGLYRP2,up
2,PGLYRP1,down
2,PGLYRP1,up
2,PGLS,down
2,PGK2,down
2,PGK2,up
2,PGF,up
2,PGD,up
2,PGAM4,up
2,PGAM2,up
2,PGAM2,up
2,PGAM1,down
2,PFN4,up
2,PFN4,up
2,PFN2,up
2,PFN2,up
2,PFN1,up
2,PFN1,up
2,PFN1,up
2,PFKM,up
2,PFKFB4,up
2,PFKFB1,up
2,PFDN5,up
2,PFDN4,up
2,PFDN2,up
2,PFDN2,up
2,PFDN1,up
2,PF4V1,up
2,PEX26,down
2,PET117,up
2,PET117,up
2,PES1,up
2,PES1,down
2,PENK,up
2,PELO,down
2,PELI2,down
2,PELI1,up
2,PEF1,up
2,PECR,up
2,PECR,up
2,PEBP1,up
2,PEAR1,up
2,PEA15,up
2,PDZK1,up
2,PDZK1,up
2,PDYN,up
2,PDXK,up
2,PDPK1,up
2,PDPK1,up
2,PDLIM5,up
2,PDLIM5,up
2,PDLIM4,up
2,PDLIM3,up
2,PDLIM1,up
2,PDLIM1,up
2,PDK2,up
2,PDIA6,up
2,PDIA6,up
2,PDIA5,up
2,PDIA5,up
2,PDIA4,up
2,PDIA4,up
2,PDIA3,up
2,PDIA3,up
2,PDIA3,up
2,PDHX,up
2,PDHB,up
2,PDHB,down
2,PDGFRA,down
2,PDGFD,up
2,PDGFC,up
2,PDE7A,up
2,PDE6D,up
2,PDE5A,up
2,PDE5A,down
2,PDE5A,up
2,PDE4C,up
2,PDE4C,up
2,PDE4A,up
2,PDE3A,down
2,PDE2A,up
2,PDE1A,down
2,PDCL2,up
2,PDCL,down
2,PDCD6IP,down
2,PDCD5,down
2,PDCD4,up
2,PDCD1LG2,up
2,PDCD1LG2,up
2,PDAP1,down
2,PCYOX1L,up
2,PCYOX1,down
2,PCTP,up
2,PCSK1,down
2,PCSK1,up
2,PCOLCE2,up
2,PCOLCE,up
2,PCNA,up
2,PCMT1,up
2,PCK2,up
2,PCK1,up
2,PCDHGB1,up
2,PCDHGA12,up
2,PCDHGA10,up
2,PCDHB7,down
2,PCDHB1,up
2,PCDHAC2,up
2,PCDH9,up
2,PCDH9,up
2,PCDH8,up
2,PCDH8,up
2,PCBP3,down
2,PCBP2,down
2,PCBP2,up
2,PCBP1,up
2,PCBP1,down
2,PCBD2,down
2,PC,up
2,PBRM1,up
2,PBRM1,up
2,PAXIP1,up
2,PAX8,up
2,PAX4,up
2,PAX3,up
2,PATE4,up
2,PATE1,up
2,PARVA,up
2,PARP1,up
2,PAPSS1,up
2,PAPPA2,up
2,PAPPA,up
2,PAPLN,up
2,PANK3,up
2,PANK3,up
2,PAM,up
2,PALMD,down
2,PAK6,up
2,PAK6,up
2,PAK5,up
2,PAK5,up
2,PAK4,up
2,PAK4,up
2,PAK3,up
2,PAGR1,up
2,PAGR1,up
2,PAGE4,up
2,PAFAH2,up
2,PAEP,up
2,PAEP,up
2,PADI4,up
2,PACSIN3,up
2,PACSIN3,up
2,PACSIN2,up
2,PACSIN2,up
2,PACSIN2,up
2,PABPN1,up
2,PABPN1,down
2,PABPC5,down
2,PABPC3,up
2,PA2G4,up
2,P4HB,down
2,P4HA2,up
2,P4HA1,down
2,P2RX6,down
2,OXT,up
2,OXT,up
2,OXLD1,up
2,OVCA2,up
2,OVCA2,up
2,OTX2,up
2,OTX2,up
2,OTULIN,up
2,OTUD3,down
2,OTUB2,up
2,OTUB2,up
2,OSTM1,up
2,OSM,down
2,OSM,up
2,OSCAR,up
2,ORC6,up
2,OPRPN,down
2,OPRPN,down
2,OPHN1,up
2,OPCML,up
2,OPCML,up
2,OPALIN,up
2,OOSP2,up
2,OOSP2,up
2,OMG,up
2,OMG,up
2,OMG,up
2,OMD,up
2,OLFM1,down
2,OLAH,up
2,OIT3,up
2,OIT3,down
2,OGN,up
2,OGN,up
2,OGG1,up
2,OGG1,up
2,OGFR,up
2,ODC1,up
2,OCRL,up
2,OCLN,up
2,OCIAD1,up
2,OCIAD1,up
2,OBP2A,up
2,OAZ1,down
2,OAT,up
2,OASL,up
2,OAS1,up
2,OAF,down
2,NXT1,down
2,NXPH3,up
2,NXPH2,up
2,NXPH1,up
2,NXF1,up
2,NUTF2,up
2,NUP210L,up
2,NUMBL,up
2,NUMB,up
2,NUDT9,down
2,NUDT5,up
2,NUDT3,up
2,NUDT21,down
2,NUDT2,up
2,NUDT2,down
2,NUDT16,down
2,NUDT10,up
2,NUDT1,up
2,NUDCD3,up
2,NUDCD3,up
2,NUDC,up
2,NUDC,up
2,NUDC,up
2,NUCB2,up
2,NUCB1,down
2,NUCB1,up
2,NTS,up
2,NTRK3,up
2,NTRK2,up
2,NTRK1,up
2,NTNG1,down
2,NTMT1,up
2,NTM,up
2,NTF4,down
2,NTF3,up
2,NTAQ1,down
2,NTAN1,up
2,NT5M,up
2,NT5E,up
2,NT5DC1,up
2,NT5DC1,up
2,NT5C3B,down
2,NT5C3A,up
2,NT5C3A,up
2,NT5C2,down
2,NSUN6,up
2,NSMCE1,up
2,NSL1,up
2,NSL1,down
2,NSFL1C,up
2,NSF,up
2,NSDHL,up
2,NRXN3,up
2,NRXN3,up
2,NRXN1,up
2,NRP2,up
2,NRL,up
2,NRIP3,up
2,NRGN,up
2,NRGN,up
2,NRGN,up
2,NRG3,up
2,NRDC,down
2,NRDC,up
2,NRCAM,up
2,NRCAM,up
2,NRBF2,up
2,NRAS,up
2,NRAC,down
2,NR5A2,up
2,NR4A1,up
2,NR3C1,up
2,NR2C2AP,up
2,NR1H2,up
2,NR1D1,up
2,NQO2,up
2,NPY,up
2,NPTXR,up
2,NPTXR,up
2,NPTXR,down
2,NPTN,down
2,NPS,up
2,NPPC,up
2,NPPB,up
2,NPPB,down
2,NPPA,down
2,NPNT,up
2,NPNT,up
2,NPNT,down
2,NPM2,up
2,NPLOC4,up
2,NPLOC4,down
2,NPLOC4,up
2,NPL,up
2,NPIPB3,up
2,NPIPB3,up
2,NPFF,up
2,NPEPL1,up
2,NPDC1,down
2,NOTUM,down
2,NOTCH3,up
2,NOTCH3,down
2,NOTCH2,up
2,NOTCH2,up
2,NOTCH1,up
2,NOSIP,up
2,NOSIP,up
2,NOP16,up
2,NONO,up
2,NONO,up
2,None,up
2,None,up
2,None,up
2,NOG,up
2,NNMT,down
2,NMU,up
2,NMT2,up
2,NMT1,up
2,NMT1,down
2,NMS,down
2,NMRK1,up
2,NMES1,up
2,NME7,up
2,NME7,down
2,NME4,up
2,NME2,up
2,NME2,up
2,NME2,down
2,NMB,up
2,NLRP4,up
2,NLRP10,up
2,NLGN4Y,up
2,NLGN4Y,down
2,NLGN4X,up
2,NLGN4X,up
2,NLGN3,up
2,NLGN2,up
2,NKIRAS2,down
2,NKIRAS1,up
2,NIT2,up
2,NISCH,down
2,NISCH,up
2,NID2,up
2,NHP2,up
2,NFYA,down
2,NFU1,up
2,NFU1,down
2,NFIA,up
2,NFIA,up
2,NFE2L2,up
2,NFATC4,up
2,NFATC1,up
2,NETO2,up
2,NETO1,up
2,NEO1,up
2,NELL1,up
2,NELFA,up
2,NELFA,up
2,NEK7,up
2,NEK7,up
2,NEK7,up
2,NEIL2,up
2,NEFL,up
2,NEFH,down
2,NEDD9,up
2,NEDD9,down
2,NEDD8,down
2,NEDD8,down
2,NECTIN4,up
2,NECTIN3,up
2,NECTIN2,up
2,NECTIN1,up
2,NECTIN1,up
2,NECTIN1,up
2,NECAP2,up
2,NECAP2,down
2,NECAB1,up
2,NDUFS4,up
2,NDUFB4,up
2,NDUFB10,up
2,NDUFB10,up
2,NDUFAF8,down
2,NDUFAF8,down
2,NDUFAF8,down
2,NDUFAF2,up
2,NDUFA5,up
2,NDUFA5,up
2,NDST1,down
2,NDST1,down
2,NDRG4,up
2,NDRG2,up
2,NDP,up
2,NDP,up
2,NDNF,up
2,NDE1,up
2,NDC80,up
2,NCR3,down
2,NCR2,down
2,NCR2,up
2,NCR1,up
2,NCL,down
2,NCL,down
2,NCKIPSD,up
2,NCKIPSD,up
2,NCK2,up
2,NCK2,up
2,NCF4,up
2,NCF2,up
2,NCF1,up
2,NCBP1,up
2,NCBP1,up
2,NCAN,up
2,NCAN,down
2,NCAM1,down
2,NBL1,up
2,NAXE,up
2,NATD1,down
2,NATD1,up
2,NAT14,up
2,NAT1,down
2,NARS2,down
2,NARS2,up
2,NARS1,up
2,NARS1,up
2,NAPG,up
2,NAPEPLD,up
2,NAPB,up
2,NAPA,down
2,NAPA,up
2,NAP1L4,up
2,NAP1L4,down
2,NAP1L4,up
2,NAP1L2,up
2,NAP1L2,down
2,NAP1L1,up
2,NAP1L1,up
2,NAP1L1,up
2,NANS,up
2,NANP,up
2,NANP,up
2,NANOG,up
2,NAMPT,up
2,NAGPA,up
2,NAGK,down
2,NACA,up
2,NACA,up
2,NABP1,up
2,NAB2,up
2,NAB2,up
2,NAALAD2,up
2,NAAA,down
2,NAA80,down
2,NAA50,up
2,NAA50,up
2,NAA20,up
2,NAA20,down
2,MZT2A,up
2,MZB1,down
2,MZB1,up
2,MYSM1,down
2,MYRF,down
2,MYLPF,up
2,MYL9,up
2,MYL9,up
2,MYL9,down
2,MYL6B,up
2,MYL5,up
2,MYL4,up
2,MYL12B,up
2,MYL12A,up
2,MYL12A,down
2,MYDGF,up
2,MYDGF,down
2,MYCT1,up
2,MYCT1,up
2,MYCBP,up
2,MYCBP,up
2,MYCBP,up
2,MYC,down
2,MYBPC3,up
2,MYBPC3,up
2,MYBPC2,up
2,MXRA8,down
2,MXRA7,up
2,MX1,down
2,MVP,up
2,MVD,up
2,MVD,up
2,MUSTN1,up
2,MUC1,up
2,MTRF1L,down
2,MTPAP,down
2,MTMR7,up
2,MTMR6,up
2,MTIF3,up
2,MTHFS,up
2,MTHFS,down
2,MTHFD1,up
2,MTFR1,up
2,MTCP1,up
2,MTAP,up
2,MSX2,up
2,MSTN,up
2,MSTN,up
2,MSRB3,up
2,MSRB2,down
2,MSRA,up
2,MSR1,up
2,MSR1,up
2,MSMP,up
2,MSMB,up
2,MSLN,up
2,MSC,up
2,MSANTD2,up
2,MRTO4,up
2,MRRF,up
2,MRPS14,up
2,MRPS14,up
2,MRPL52,up
2,MRPL38,up
2,MRPL34,up
2,MRPL32,up
2,MRPL21,up
2,MRPL2,up
2,MRPL12,up
2,MRPL12,up
2,MRPL1,up
2,MRM1,down
2,MRFAP1L1,down
2,MRE11,up
2,MRE11,up
2,MRC1,up
2,MRAS,down
2,MRAP2,up
2,MRAP,up
2,MPZL2,down
2,MPZL1,down
2,MPST,up
2,MPPED2,up
2,MPP6,up
2,MPP6,up
2,MPO,down
2,MPL,up
2,MPIG6B,up
2,MPIG6B,up
2,MPG,up
2,MPG,up
2,MPC1,up
2,MOSPD1,up
2,MORF4L2,up
2,MORF4L1,up
2,MORF4L1,down
2,MOG,up
2,MOCS3,up
2,MOB4,up
2,MOB3B,up
2,MOB1B,up
2,MOB1B,up
2,MOB1B,up
2,MNDA,up
2,MMP9,up
2,MMP9,up
2,MMP7,up
2,MMP7,up
2,MMP7,up
2,MMP20,up
2,MMP19,up
2,MMP16,up
2,MMP13,up
2,MMP12,up
2,MMP10,up
2,MMGT1,up
2,MMEL1,down
2,MMACHC,up
2,MLYCD,up
2,MLIP,up
2,MLF1,down
2,MLEC,up
2,MLEC,up
2,MLEC,up
2,MKX,down
2,MKX,up
2,MITD1,up
2,MITD1,down
2,MINPP1,up
2,MINAR1,up
2,MIF,up
2,MIF,up
2,MIEF1,up
2,MIEF1,up
2,MICALL1,up
2,MICAL1,down
2,MICAL1,up
2,MIA,up
2,MGP,down
2,MGMT,up
2,MGAT5,up
2,MGAT4A,up
2,MGAT4A,up
2,MGA,down
2,MFRP,up
2,MFRP,up
2,MFNG,up
2,MFGE8,up
2,MFAP5,up
2,MFAP3L,down
2,MFAP2,down
2,MFAP1,up
2,METTL3,up
2,METTL3,down
2,METRNL,up
2,METAP1,down
2,MET,up
2,MESD,up
2,MESD,up
2,MERTK,up
2,MEPE,up
2,MEP1A,up
2,MEOX2,up
2,MEOX1,up
2,MENT,up
2,MEN1,up
2,MEMO1,up
2,MEIS2,down
2,MEF2D,up
2,MEF2C,up
2,MEF2C,down
2,MED4,down
2,MED20,up
2,MED1,down
2,ME2,up
2,ME2,down
2,ME1,down
2,MDP1,down
2,MDP1,up
2,MDM4,up
2,MDM4,up
2,MDM2,up
2,MDM2,up
2,MDM1,up
2,MDM1,up
2,MDK,up
2,MDH2,up
2,MDH2,down
2,MDGA2,up
2,MCTS1,down
2,MCEMP1,up
2,MCAM,up
2,MBTPS1,up
2,MBNL2,down
2,MBNL2,up
2,MBNL1,up
2,MBNL1,down
2,MBL2,up
2,MBD4,down
2,MBD4,up
2,MB,down
2,MAX,up
2,MATK,up
2,MAT2B,up
2,MAST4,down
2,MASP1,up
2,MARVELD2,down
2,MARS1,down
2,MARS1,up
2,MARS1,down
2,MARCO,up
2,MAPT,up
2,MAPT,up
2,MAPRE3,up
2,MAPRE3,up
2,MAPRE1,up
2,MAPRE1,up
2,MAPRE1,down
2,MAPKAPK5,up
2,MAPKAPK3,up
2,MAPKAPK3,up
2,MAPKAPK2,down
2,MAPKAPK2,up
2,MAPK6,up
2,MAPK3,up
2,MAPK3,up
2,MAPK12,down
2,MAPK10,up
2,MAPK10,up
2,MAP4K5,up
2,MAP4K5,up
2,MAP2K6,up
2,MAP2K6,up
2,MAP2K5,up
2,MAP2K5,up
2,MAP2K4,down
2,MAP2K3,down
2,MAP2K3,up
2,MAP2K2,up
2,MAP2K1,down
2,MAP1LC3B2,up
2,MAP1LC3B,up
2,MAP1LC3B,down
2,MAP1LC3A,down
2,MANSC1,up
2,MANF,up
2,MANF,up
2,MANF,down
2,MANEA,up
2,MANBA,down
2,MAN1C1,down
2,MAN1B1,up
2,MAN1A2,up
2,MAMDC2,up
2,MALT1,up
2,MAK16,up
2,MAGOHB,up
2,MAGOH,up
2,MAGOH,up
2,MAGIX,up
2,MAGI2,up
2,MAGED1,up
2,MAGEA5,up
2,MAG,up
2,MAG,down
2,MAG,up
3,MAFG,down
3,MAFG,down
3,MAFG,down
3,MAEA,up
3,MADCAM1,up
3,MACROH2A1,up
3,MACROD1,up
3,MACO1,up
3,LZIC,up
3,LZIC,up
3,LYZL2,up
3,LYZ,up
3,LYPLAL1,up
3,LYPD3,up
3,LYN,down
3,LYN,up
3,LYN,up
3,LYG2,down
3,LY9,down
3,LY86,up
3,LY86,up
3,LY6G6C,down
3,LY6G6C,up
3,LXN,up
3,LTO1,down
3,LTF,up
3,LTF,up
3,LTBR,up
3,LTBR,up
3,LTB4R,up
3,LTA4H,up
3,LTA4H,up
3,LTA4H,down
3,LTA,up
3,LST1,down
3,LST1,up
3,LSP1,up
3,LSMEM1,down
3,LSMEM1,up
3,LSM4,up
3,LSM12,up
3,LRTM2,up
3,LRSAM1,up
3,LRRTM2,down
3,LRRTM1,up
3,LRRN1,up
3,LRRK2,up
3,LRRFIP2,up
3,LRRFIP2,up
3,LRRC75A,up
3,LRRC59,up
3,LRRC59,up
3,LRRC4C,up
3,LRRC4B,down
3,LRRC4B,up
3,LRRC3B,up
3,LRRC25,up
3,LRRC24,down
3,LRPAP1,up
3,LRP8,up
3,LRP5,up
3,LRP2BP,up
3,LRP2BP,up
3,LRP2,up
3,LRP1B,down
3,LRP11,up
3,LRP10,down
3,LRP1,up
3,LRIG3,up
3,LRFN5,up
3,LRFN5,up
3,LRFN1,up
3,LRCH4,down
3,LRATD2,down
3,LPL,down
3,LPCAT2,up
3,LOXL3,up
3,LOXL2,up
3,LNPK,up
3,LNPK,up
3,LMOD1,up
3,LMO4,down
3,LMO3,up
3,LMNB2,up
3,LMNB2,up
3,LMNB1,down
3,LMAN2L,up
3,LMAN2,up
3,LIPG,up
3,LINGO3,up
3,LIN7B,up
3,LIN7A,up
3,LIMK1,down
3,LIMK1,down
3,LIMD2,up
3,LIMD1,down
3,LILRB3,up
3,LILRA5,down
3,LIFR,up
3,LIFR,up
3,LIF,up
3,LIF,up
3,LGR5,up
3,LGR5,down
3,LGMN,down
3,LGALSL,up
3,LGALSL,up
3,LGALSL,up
3,LGALS9,up
3,LGALS8,up
3,LGALS7,down
3,LGALS4,up
3,LGALS4,up
3,LGALS3BP,up
3,LGALS3,up
3,LGALS2,up
3,LGALS2,up
3,LGALS13,up
3,LGALS1,up
3,LEPR,down
3,LEP,down
3,LEP,up
3,LEMD1,down
3,LEMD1,up
3,LEG1,up
3,LEG1,up
3,LEG1,up
3,LEFTY2,up
3,LECT2,up
3,LEAP2,down
3,LEAP2,up
3,LDLRAP1,up
3,LDLRAP1,up
3,LDLRAP1,up
3,LDLRAD4,up
3,LDHB,down
3,LDHB,up
3,LDHA,up
3,LDHA,down
3,LDB2,down
3,LDB1,down
3,LCP1,up
3,LCORL,down
3,LCNL1,up
3,LCNL1,up
3,LCN2,up
3,LCN10,up
3,LCMT1,up
3,LCK,up
3,LCK,up
3,LCAT,up
3,LAYN,down
3,LASP1,up
3,LASP1,down
3,LAS2,up
3,LAS2,up
3,LAP3,down
3,LAP3,down
3,LANCL1,up
3,LAMTOR3,up
3,LAMTOR2,up
3,LAMTOR2,up
3,LAMP1,up
3,LAMC2,down
3,LAMA4,up
3,LAIR2,down
3,LAIR2,up
3,LAIR1,up
3,LAD1,up
3,LACTB2,up
3,LACTB2,up
3,LACRT,down
3,LACRT,up
3,L3MBTL2,down
3,L3MBTL2,up
3,L1CAM,up
3,KYNU,down
3,KYAT3,up
3,KYAT1,up
3,KXD1,up
3,KXD1,down
3,KRTAP2-4,up
3,KRT72,up
3,KRT71,up
3,KRT20,up
3,KRT20,up
3,KRT19,up
3,KRT1,up
3,KREMEN2,up
3,KRAS,up
3,KPNB1,up
3,KPNB1,up
3,KPNB1,up
3,KPNA6,up
3,KPNA6,up
3,KPNA5,up
3,KPNA4,down
3,KNG1,up
3,KMO,up
3,KMO,up
3,KLRK1,up
3,KLRK1,down
3,KLRF1,up
3,KLRC4,up
3,KLRC1,up
3,KLKB1,up
3,KLK9,up
3,KLK8,up
3,KLK6,up
3,KLK6,up
3,KLK5,down
3,KLK4,up
3,KLK4,up
3,KLK3,down
3,KLK2,up
3,KLK15,down
3,KLK14,up
3,KLK14,up
3,KLK13,up
3,KLK12,up
3,KLK11,up
3,KLK10,up
3,KLK10,up
3,KLHL3,up
3,KLHL2,up
3,KLHL2,up
3,KLHL14,up
3,KLHL13,up
3,KLF4,up
3,KLC3,up
3,KLC1,up
3,KLB,up
3,KL,up
3,KIT,up
3,KIT,up
3,KIRREL3,up
3,KIRREL3,up
3,KIRREL2,up
3,KIRREL2,up
3,KIRREL1,up
3,KIR3DS1,up
3,KIR3DL2,down
3,KIR3DL2,up
3,KIR3DL1,up
3,KIR2DL5A,up
3,KIR2DL4,up
3,KIN,up
3,KIFBP,up
3,KIFBP,up
3,KIFBP,up
3,KIF3B,up
3,KIF3B,up
3,KIF3A,down
3,KIF23,up
3,KIF23,up
3,KIF22,up
3,KIF1C,up
3,KIAA2013,up
3,KIAA1549L,down
3,KIAA1143,up
3,KIAA0040,up
3,KIAA0040,up
3,KHSRP,up
3,KHSRP,up
3,KHK,up
3,KHDC1L,up
3,KERA,up
3,KEL,up
3,KEL,up
3,KEAP1,up
3,KDSR,up
3,KDR,up
3,KDM4C,down
3,KDM1A,up
3,KCTD6,down
3,KCNMB3,up
3,KCNF1,up
3,KCNE5,down
3,KCNAB2,up
3,KAT5,down
3,KAT5,down
3,KAT5,down
3,KAT2B,up
3,KAT2B,up
3,KAT2A,up
3,KARS1,up
3,KARS1,down
3,JUP,up
3,JUN,up
3,JTB,up
3,JPT2,down
3,JPH3,up
3,JOSD1,down
3,JMJD6,up
3,JAML,up
3,JAM3,down
3,JAM2,up
3,JAK2,up
3,JAK2,up
3,JAG2,up
3,JAG1,up
3,IZUMO4,down
3,IZUMO1,up
3,IVD,up
3,IVD,up
3,ITSN1,up
3,ITSN1,up
3,ITPRIPL1,up
3,ITPKC,up
3,ITPKA,up
3,ITPK1,up
3,ITPA,up
3,ITM2C,down
3,ITM2B,up
3,ITLN1,up
3,ITIH5,up
3,ITIH3,up
3,ITIH2,up
3,ITIH1,down
3,ITGB5,up
3,ITGB1BP2,up
3,ITGAL,down
3,ITGA6,up
3,ITGA6,up
3,ITGA11,up
3,IST1,up
3,IST1,up
3,ISLR2,up
3,ISG15,up
3,ISCU,up
3,ISCU,up
3,IRF9,up
3,IRF5,up
3,IRF4,up
3,IRF3,up
3,IRF3,up
3,IRF1,up
3,IRAG1,up
3,IQCD,down
3,INSL6,up
3,INSL5,up
3,INSL4,up
3,INS,up
3,INS,up
3,INS,up
3,INPP5F,up
3,INPP5E,down
3,INPP5E,down
3,INPP5D,up
3,INPP5D,down
3,INPP5B,up
3,INPP5B,up
3,INPP5A,up
3,INPP5A,down
3,INPP5A,up
3,INPP4A,up
3,INO80E,up
3,INIP,up
3,INHBC,up
3,INHBB,up
3,INHBB,up
3,INHBA,up
3,INHA,up
3,INHA,up
3,ING1,up
3,INA,up
3,IMPDH2,down
3,IMPA1,down
3,ILKAP,up
3,ILK,up
3,ILK,up
3,ILK,up
3,ILF3,up
3,ILF3,up
3,IL7R,down
3,IL7,up
3,IL7,up
3,IL6,up
3,IL6,down
3,IL4I1,up
3,IL4,down
3,IL4,down
3,IL37,up
3,IL36RN,up
3,IL36B,up
3,IL36A,up
3,IL34,up
3,IL32,up
3,IL31RA,up
3,IL31,up
3,IL3,up
3,IL2RB,up
3,IL2RB,down
3,IL2RA,up
3,IL25,up
3,IL24,up
3,IL23R,up
3,IL22,up
3,IL22,up
3,IL21R,up
3,IL20RA,down
3,IL20,down
3,IL20,up
3,IL2,up
3,IL2,up
3,IL1RN,up
3,IL1RL2,up
3,IL1RAPL2,up
3,IL1RAPL2,up
3,IL1R2,down
3,IL18RAP,up
3,IL18R1,up
3,IL18BP,up
3,IL18BP,up
3,IL17RE,up
3,IL17RC,up
3,IL17RC,up
3,IL17RC,up
3,IL17RB,up
3,IL17F,down
3,IL17F,up
3,IL17D,up
3,IL17C,up
3,IL17B,down
3,IL17B,up
3,IL17A,up
3,IL17A,up
3,IL15RA,up
3,IL15RA,up
3,IL15RA,up
3,IL15,up
3,IL13,down
3,IL13,down
3,IL12RB1,down
3,IL12RB1,up
3,IL12B,up
3,IL11,down
3,IL10RB,up
3,IL10RA,up
3,IL10RA,up
3,IKBKG,up
3,IK,up
3,IK,down
3,IHH,down
3,IGSF9B,up
3,IGSF11,down
3,IGLL1,down
3,IGLL1,down
3,IGKV1-5,down
3,IGHG4,up
3,IGFLR1,up
3,IGFL3,up
3,IGFBPL1,up
3,IGFBP6,up
3,IGFBP6,up
3,IGFBP5,down
3,IGFBP5,up
3,IGFBP4,up
3,IGFBP3,down
3,IGFBP2,up
3,IGFALS,down
3,IGF2,up
3,IGF1R,up
3,IGF1,up
3,IGDCC4,up
3,IGDCC3,up
3,IFRD1,up
3,IFNW1,down
3,IFNL3,up
3,IFNL2,up
3,IFNL1,down
3,IFNL1,up
3,IFNGR2,up
3,IFNGR2,up
3,IFNG,up
3,IFNG,up
3,IFNG,up
3,IFNB1,up
3,IFNB1,up
3,IFNAR1,down
3,IFNA6,up
3,IFNA5,up
3,IFNA4,up
3,IFNA14,up
3,IFI16,up
3,IFI16,up
3,IFI16,up
3,IER2,up
3,IDUA,down
3,IDS,down
3,IDI1,down
3,IDI1,up
3,IDH1,up
3,IDE,up
3,ID2,up
3,ICOSLG,up
3,ICAM5,up
3,ICAM5,down
3,ICAM4,up
3,ICAM2,up
3,IBSP,up
3,IBSP,up
3,HYOU1,up
3,HYOU1,down
3,HYAL4,up
3,HYAL1,up
3,HUS1,down
3,HTRA2,up
3,HTRA1,down
3,HTR2A,up
3,HTATIP2,up
3,HSPG2,up
3,HSPE1,down
3,HSPE1,up
3,HSPD1,up
3,HSPD1,down
3,HSPB6,down
3,HSPB1,up
3,HSPB1,up
3,HSPA8,down
3,HSPA8,up
3,HSPA5,up
3,HSPA5,up
3,HSPA1L,up
3,HSPA1B,up
3,HSPA1A,up
3,HSPA1A,up
3,HSPA1A,up
3,HSPA12A,up
3,HSP90B1,up
3,HSP90AB1,up
3,HSP90AB1,up
3,HSH2D,up
3,HSF1,up
3,HSF1,up
3,HSD17B7,up
3,HSD17B7,down
3,HSD17B7,down
3,HSD17B4,up
3,HSD17B4,up
3,HSD17B11,down
3,HSD17B10,down
3,HSD17B1,up
3,HSCB,down
3,HS6ST3,up
3,HS6ST3,down
3,HS3ST5,down
3,HS3ST4,down
3,HS3ST3B1,up
3,HS3ST3A1,up
3,HS2ST1,up
3,HRK,up
3,HRK,down
3,HRAS,down
3,HPX,up
3,HPSE,up
3,HPRT1,up
3,HPRT1,down
3,HPGDS,up
3,HPGDS,up
3,HPGD,up
3,HPD,down
3,HOXC11,up
3,HOXC11,up
3,HOXA5,down
3,HOPX,up
3,HOMER3,up
3,HOMER3,up
3,HNRNPR,up
3,HNRNPM,up
3,HNRNPLL,up
3,HNRNPLL,down
3,HNRNPK,up
3,HNRNPDL,up
3,HNRNPD,up
3,HNRNPD,up
3,HNRNPC,up
3,HNRNPAB,up
3,HNRNPAB,down
3,HNRNPAB,up
3,HNRNPA2B1,down
3,HNRNPA2B1,up
3,HNRNPA2B1,down
3,HNRNPA1,down
3,HNRNPA1,up
3,HNMT,down
3,HNF4A,down
3,HMX3,up
3,HMOX2,down
3,HMOX1,down
3,HMOX1,up
3,HMGN3,down
3,HMGN1,up
3,HMGCR,up
3,HMGCL,down
3,HMGB2,down
3,HMGA2,up
3,HMGA1,down
3,HMG20B,down
3,HMG20B,down
3,HMG20A,down
3,HLA-G,up
3,HLA-E,up
3,HLA-E,up
3,HLA-DQA2,up
3,HK2,down
3,HK1,up
3,HIRIP3,up
3,HIRIP3,up
3,HIPK3,down
3,HIPK3,down
3,HIP1R,up
3,HIP1R,down
3,HINT1,up
3,HINT1,down
3,HIKESHI,up
3,HIF1AN,down
3,HIBCH,down
3,HHIP,up
3,HHEX,up
3,HGS,up
3,HGFAC,up
3,HGF,up
3,HGF,up
3,HEY1,up
3,HEY1,up
3,HEXIM1,up
3,HEXIM1,down
3,HEXB,up
3,HEXB,up
3,HEXB,up
3,HES1,down
3,HENMT1,up
3,HECW2,up
3,HECW1,down
3,HDHD3,up
3,HDGFL3,down
3,HDGFL3,up
3,HDGFL2,up
3,HDGFL2,up
3,HDGFL1,down
3,HDGF,down
3,HDGF,up
3,HDGF,down
3,HDAC8,up
3,HDAC4,up
3,HDAC2,up
3,HCCS,up
3,HBG2,up
3,HBE1,up
3,HBD,down
3,HAVCR2,down
3,HAVCR1,up
3,HAVCR1,up
3,HAUS1,down
3,HAT1,up
3,HAT1,up
3,HARS1,down
3,HARS1,down
3,HARS1,up
3,HAPLN4,down
3,HAPLN1,up
3,HAMP,up
3,HAGHL,down
3,HADH,down
3,HADH,up
3,HADH,up
3,HABP4,up
3,H2BU1,up
3,H2BC21,up
3,H2BC21,up
3,H2AZ1,down
3,H2AW,up
3,H2AC11,down
3,H2AC1,down
3,GZMK,down
3,GZMH,up
3,GZMB,up
3,GZMA,up
3,GYG2,up
3,GXYLT1,down
3,GULP1,up
3,GULP1,up
3,GUCD1,down
3,GUCD1,up
3,GUCA2B,down
3,GUCA2B,up
3,GTSF1,down
3,GTF2I,up
3,GTF2I,up
3,GTF2F2,up
3,GTF2F2,down
3,GTF2E2,up
3,GTF2E1,up
3,GTF2B,up
3,GTF2A2,down
3,GSTZ1,up
3,GSTT1,up
3,GSTP1,up
3,GSTP1,up
3,GSTO1,up
3,GSTM3,up
3,GSTM1,down
3,GSTK1,up
3,GSTA4,up
3,GSS,up
3,GSS,down
3,GSS,up
3,GSR,up
3,GSN,down
3,GSN,down
3,GSKIP,down
3,GSK3B,down
3,GSK3B,down
3,GSK3B,up
3,GSK3A,up
3,GSK3A,up
3,GSC2,up
3,GRP,up
3,GRN,up
3,GRM4,down
3,GRK2,up
3,GRK2,down
3,GRK2,up
3,GRIPAP1,up
3,GRIPAP1,up
3,GRIA4,down
3,GRIA4,down
3,GRB7,up
3,GRB2,up
3,GRB2,up
3,GRB14,down
3,GRB14,up
3,GRB10,up
3,GRB10,down
3,GRAMD1C,down
3,GPX5,down
3,GPX3,down
3,GPT,up
3,GPT,up
3,GPR68,up
3,GPR37,down
3,GPR37,down
3,GPR107,up
3,GPD1L,up
3,GPD1,up
3,GPC6,up
3,GPC5,up
3,GPC5,down
3,GPC3,up
3,GPC2,up
3,GPC2,down
3,GP5,up
3,GP5,up
3,GP1BB,up
3,GOT1,up
3,GORAB,up
3,GOLPH3L,up
3,GOLM1,down
3,GOLGA7,up
3,GNS,down
3,GNS,down
3,GNRH1,down
3,GNPTG,down
3,GNPNAT1,down
3,GNPNAT1,up
3,GNMT,down
3,GNGT2,up
3,GNG12,up
3,GNG11,up
3,GNE,up
3,GNAS,down
3,GNAQ,up
3,GNAQ,up
3,GNAI3,up
3,GMEB2,up
3,GMDS,up
3,GM2A,down
3,GLUL,down
3,GLUL,up
3,GLUD2,down
3,GLUD1,up
3,GLS,down
3,GLRX3,down
3,GLRX2,up
3,GLRX2,up
3,GLRX,down
3,GLRX,up
3,GLP1R,down
3,GLIPR2,down
3,GLA,up
3,GLA,up
3,GKN2,down
3,GJA1,down
3,GIPC2,down
3,GIP,down
3,GINS1,down
3,GIMAP7,down
3,GIMAP6,up
3,GID8,down
3,GHRH,down
3,GH2,up
3,GH2,up
3,GH1,down
3,GH1,down
3,GGT5,down
3,GGPS1,up
3,GGCT,up
3,GGA3,down
3,GGA3,up
3,GGA1,down
3,GGA1,up
3,GFRA3,up
3,GFRA2,down
3,GFRA1,down
3,GFER,down
3,GFAP,up
3,GFAP,up
3,GET3,up
3,GET3,down
3,GDNF,down
3,GDI1,down
3,GDF7,down
3,GDF5,down
3,GDF2,down
3,GDF15,up
3,GDF15,down
3,GDA,up
3,GCNT1,up
3,GCLM,up
3,GCKR,down
3,GCK,up
3,GCHFR,down
3,GCG,up
3,GCA,down
3,GC,up
3,GBP6,down
3,GBP5,down
3,GBP2,up
3,GBP2,up
3,GATAD1,down
3,GAS2,up
3,GAS1,up
3,GARS1,down
3,GARS1,down
3,GARS1,up
3,GAP43,down
3,GAP43,up
3,GALNT3,up
3,GALNT16,down
3,GALNT14,up
3,GALNT13,down
3,GALNT13,down
3,GALNT11,down
3,GALNT1,up
3,GALNT1,down
3,GALNS,down
3,GAL3ST1,up
3,GAGE2D,down
3,GAGE2D,down
3,GAGE2D,down
3,GABPB1,up
3,GABBR2,up
3,GABBR1,down
3,GABBR1,up
3,GABARAPL1,down
3,GABARAPL1,up
3,GABARAPL1,up
3,GABARAP,down
3,GABARAP,up
3,GABARAP,up
3,G6PD,up
3,G3BP2,up
3,G3BP2,up
3,G3BP1,up
3,G3BP1,up
3,FZD8,up
3,FZD7,up
3,FZD5,up
3,FZD2,up
3,FZD2,down
3,FZD1,down
3,FXYD2,up
3,FXYD2,up
3,FXN,up
3,FUT8,up
3,FUT3,down
3,FURIN,down
3,FUNDC1,down
3,FUBP1,down
3,FUBP1,down
3,FTO,up
3,FTMT,up
3,FTL,down
3,FSTL4,up
3,FSTL3,up
3,FST,up
3,FSD1,up
3,FSD1,up
3,FRZB,up
3,FRG1,down
3,FOXP3,down
3,FOXO4,up
3,FOXO3,down
3,FOXO1,up
3,FOXM1,down
3,FOXM1,down
3,FOXC2,up
3,FOLR2,up
3,FOLR1,up
3,FOLH1,up
3,FOLH1,down
3,FNBP1,up
3,FN1,up
3,FN1,up
3,FN1,down
3,FMR1,up
3,FMO3,down
3,FLT3,down
3,FLT1,up
3,FLT1,down
3,FLRT3,down
3,FLRT2,up
3,FLRT1,up
3,FLNA,down
3,FLNA,down
3,FLJ44635,up
3,FLI1,up
3,FLI1,up
3,FKBP7,up
3,FKBP6,up
3,FKBP5,up
3,FKBP3,up
3,FKBP3,down
3,FKBP2,up
3,FKBP2,up
3,FKBP1A,up
3,FIS1,up
3,FIBP,down
3,FHOD1,up
3,FHOD1,up
3,FHL1,down
3,FH,up
3,FGR,up
3,FGL1,up
3,FGFRL1,up
3,FGFR3,up
3,FGFR3,up
3,FGFBP3,down
3,FGF9,up
3,FGF8,down
3,FGF8,down
3,FGF7,up
3,FGF7,down
3,FGF6,up
3,FGF6,up
3,FGF5,down
3,FGF4,down
3,FGF4,down
3,FGF3,up
3,FGF23,down
3,FGF22,down
3,FGF22,down
3,FGF20,up
3,FGF20,up
3,FGF20,up
3,FGF19,down
3,FGF18,up
3,FGF16,up
3,FGF12,up
3,FGF12,down
3,FGF10,up
3,FGB,down
3,FEV,up
3,FEV,down
3,FETUB,up
3,FETUB,down
3,FERMT3,up
3,FERMT3,down
3,FERMT3,down
3,FER,up
3,FER,up
3,FDPS,down
3,FDPS,down
3,FCRL6,down
3,FCRL5,up
3,FCRL4,up
3,FCRL1,down
3,FCMR,down
3,FCHSD1,up
3,FCGR3B,down
3,FCGR2A,up
3,FCGR1A,up
3,FCGR1A,up
3,FCER2,up
3,FCER1A,down
3,FCAR,down
3,FCAMR,down
3,FBXO28,up
3,FBXL4,down
3,FBXL4,up
3,FBXL4,down
3,FBLN5,down
3,FBLN5,up
3,FBLIM1,down
3,FBLIM1,up
3,FAXDC2,up
3,FATE1,down
3,FAS,up
3,FAP,down
3,FANCL,up
3,FANCF,down
3,FANCF,down
3,FAM92A,down
3,FAM50A,up
3,FAM3D,up
3,FAM3B,up
3,FAM3B,down
3,FAM24B,down
3,FAM221B,down
3,FAM219B,down
3,FAM219B,up
3,FAM210A,up
3,FAM210A,down
3,FAM20C,up
3,FAM20B,down
3,FAM20B,down
3,FAM20A,up
3,FAM204A,up
3,FAM189A2,up
3,FAM189A2,down
3,FAM189A2,down
3,FAM177A1,up
3,FAM171B,up
3,FAM171A2,up
3,FAM162A,up
3,FAM162A,down
3,FAM160B1,up
3,FAM160B1,down
3,FAM151B,up
3,FAM151A,down
3,FAM110A,up
3,FAM110A,down
3,FAM102B,down
3,FAHD2A,up
3,FAH,up
3,FAF2,up
3,FAF2,down
3,FADD,up
3,FABP9,down
3,FABP6,down
3,FABP6,down
3,FABP4,up
3,FABP4,down
3,FABP3,up
3,FABP2,down
3,FABP1,down
3,FABP1,down
3,F9,up
3,F8,up
3,F5,down
3,F3,up
3,F2,down
3,F13B,up
3,F11R,down
3,EZR,down
3,EYA2,up
3,EXOSC1,up
3,EXD1,down
3,EXD1,up
3,EWSR1,down
3,EWSR1,up
3,EVPL,up
3,EVPL,up
3,EVL,down
3,EURL,down
3,EURL,down
3,ETV5,down
3,ETV5,down
3,ETV4,down
3,ETNK2,down
3,ETNK2,up
3,ETNK1,down
3,ESS2,down
3,ESS2,up
3,ESRP1,up
3,ESM1,up
3,ESD,up
3,ESAM,down
3,ERP44,down
3,ERP29,up
3,ERP29,up
3,ERP29,down
3,ERP27,up
3,ERLEC1,up
3,ERLEC1,up
3,ERH,down
3,ERH,down
3,ERGIC1,down
3,EREG,down
3,ERC1,up
3,ERC1,down
3,ERC1,down
3,ERBB4,up
3,ERBB3,up
3,EPS8L2,down
3,EPS8L1,down
3,EPOR,up
3,EPOR,down
3,EPO,up
3,EPO,up
3,EPN1,down
3,EPHB6,up
3,EPHB6,down
3,EPHB4,down
3,EPHB4,up
3,EPHB2,up
3,EPHA3,down
3,EPHA2,up
3,EPHA10,up
3,EPHA10,down
3,EPHA10,down
3,EPHA1,down
3,EPDR1,up
3,EOLA1,up
3,EOLA1,up
3,ENTPD6,down
3,ENTPD1,up
3,ENSA,up
3,ENPP6,up
3,ENPP5,down
3,ENPP5,up
3,ENOX2,up
3,ENOX1,up
3,ENO3,down
3,ENO2,down
3,ENO2,up
3,ENO1,up
3,ENGASE,down
3,ENAH,down
3,ENAH,down
3,EMG1,up
3,EMC10,down
3,EMC1,down
3,EMC1,up
3,EMC1,up
3,ELMO1,up
3,ELL2,up
3,ELK1,up
3,ELK1,down
3,ELK1,down
3,ELF5,up
3,ELAVL1,down
3,ELAPOR1,up
3,ELAPOR1,up
3,ELAPOR1,down
3,EIF5A,up
3,EIF5A,down
3,EIF5,up
3,EIF4H,up
3,EIF4H,up
3,EIF4G3,up
3,EIF4G2,down
3,EIF4G2,up
3,EIF4EBP2,down
3,EIF4EBP2,up
3,EIF4EBP1,up
3,EIF4E,down
3,EIF4E,up
3,EIF4B,up
3,EIF4A3,up
3,EIF4A3,down
3,EIF4A2,up
3,EIF4A2,up
3,EIF3G,up
3,EIF3G,down
3,EIF3G,down
3,EIF3B,down
3,EIF3B,up
3,EIF2S2,down
3,EIF2S1,up
3,EIF2S1,down
3,EIF2B1,down
3,EIF2A,down
3,EIF2A,up
3,EIF1B,down
3,EIF1B,up
3,EIF1AY,up
3,EIF1AY,down
3,EIF1AX,down
3,EIF1AX,down
3,EHMT2,down
3,EHD3,up
3,EHD3,down
3,EHD3,up
3,EHD2,down
3,EHD1,up
3,EHD1,down
3,EHD1,down
3,EHBP1,down
3,EGLN3,up
3,EGLN2,down
3,EGLN1,down
3,EGLN1,up
3,EGFR,down
3,EGFR,up
3,EGFLAM,down
3,EGFLAM,up
3,EGF,down
3,EFS,down
3,EFS,down
3,EFNB3,up
3,EFNB3,down
3,EFNB2,down
3,EFNB2,up
3,EFNB1,down
3,EFNB1,up
3,EFNA5,down
3,EFNA4,down
3,EFNA3,up
3,EFNA3,down
3,EFNA3,up
3,EFNA2,down
3,EFNA2,down
3,EFNA1,up
3,EFHD2,up
3,EFHD2,up
3,EFHD1,down
3,EFEMP1,up
3,EFCAB14,down
3,EFCAB1,down
3,EEF1G,up
3,EEF1E1,up
3,EEF1D,up
3,EEF1D,down
3,EEF1B2,up
3,EEF1B2,down
3,EEF1A1,up
3,EEF1A1,up
3,EDN3,up
3,EDN2,up
3,EDN2,down
3,EDN2,down
3,EDN1,up
3,EDEM2,down
3,EDDM3B,up
3,EDC4,up
3,EDA2R,down
3,EDA2R,up
3,EDA,up
3,EDA,down
3,ECRG4,down
3,ECM1,down
3,ECM1,up
3,ECM1,down
3,ECI1,down
3,ECE1,up
3,ECE1,down
3,EBP,up
3,EBI3,up
3,EBAG9,down
3,DYTN,up
3,DYTN,up
3,DYRK3,down
3,DYRK3,up
3,DYRK1A,down
3,DYNLT1,up
3,DYNLRB1,up
3,DYNLL2,up
3,DYNLL2,down
3,DYNLL1,up
3,DYNC1LI2,down
3,DUSP6,up
3,DUSP3,down
3,DUSP28,up
3,DUSP28,up
3,DUSP26,down
3,DUSP18,up
3,DUSP13,up
3,DUS2,down
3,DTYMK,up
3,DTYMK,down
3,DTNA,down
3,DTD1,up
3,DTD1,up
3,DTD1,down
3,DSTN,up
3,DSTN,up
3,DSTN,down
3,DSG3,up
3,DSG2,up
3,DSG1,down
3,DSC3,up
3,DSC3,down
3,DSC3,down
3,DSC2,down
3,DSC2,up
3,DRG1,down
3,DPYSL3,up
3,DPYSL3,up
3,DPYS,down
3,DPY30,up
3,DPY30,down
3,DPT,up
3,DPPA4,down
3,DPPA4,up
3,DPP10,up
3,DPP10,down
3,DPH7,up
3,DPH2,up
3,DPEP2,down
3,DOK2,down
3,DOK2,down
3,DOK1,down
3,DOCK9,down
3,DOCK2,up
3,DOCK2,down
3,DNPH1,up
3,DNPH1,up
3,DNM2,down
3,DNM2,up
3,DNM2,up
3,DNM1L,up
3,DNM1,down
3,DNM1,down
3,DNM1,down
3,DNER,down
3,DNASE1L2,down
3,DNALI1,down
3,DNAJC4,down
3,DNAJC4,down
3,DNAJC30,up
3,DNAJC30,down
3,DNAJC19,up
3,DNAJC19,up
3,DNAJC17,down
3,DNAJC16,down
3,DNAJC11,up
3,DNAJC11,up
3,DNAJC1,up
3,DNAJB9,up
3,DNAJB8,up
3,DNAJB6,down
3,DNAJB6,down
3,DNAJB4,up
3,DNAJB4,down
3,DNAJB2,up
3,DNAJB2,up
3,DNAJB14,up
3,DNAJB12,down
3,DNAJB12,down
3,DNAJB1,down
3,DMRTC2,down
3,DMKN,up
3,DMC1,up
3,DMBT1,down
3,DLX4,up
3,DLX3,down
3,DLST,up
3,DLL4,up
3,DLL1,up
3,DLK2,down
3,DLK1,down
3,DLGAP4,down
3,DLGAP4,down
3,DLG3,up
3,DLG2,down
3,DLD,up
3,DLD,up
3,DLAT,down
3,DLAT,down
3,DKK4,up
3,DKK3,up
3,DKK2,down
3,DKK2,down
3,DKK1,down
3,DIRAS1,down
3,DIPK1C,up
3,DIDO1,down
3,DHX8,down
3,DHX58,down
3,DHRS9,up
3,DHRS4,up
3,DHRS3,up
3,DHRS3,up
3,DHODH,down
3,DHH,up
3,DGCR2,up
3,DES,up
3,DENR,down
3,DENND10,up
3,DEFB4A,down
3,DEFB135,down
3,DEFB135,down
3,DEFB132,down
3,DEFB129,down
3,DEFB119,up
3,DEFB118,up
3,DEFB115,up
3,DEFB110,up
3,DEFB110,down
3,DEFB107A,down
3,DEFB106A,up
3,DEFB103A,up
3,DEFB1,down
3,DEFA5,up
3,DEFA5,down
3,DEFA3,down
3,DEFA1,up
3,DECR1,up
3,DEAF1,down
3,DDX6,down
3,DDX6,up
3,DDX46,up
3,DDX46,up
3,DDX39B,up
3,DDX19B,down
3,DDX19B,up
3,DDX19A,up
3,DDX19A,up
3,DDT,down
3,DDR2,down
3,DDOST,down
3,DDIT4,up
3,DDIT3,up
3,DDIT3,down
3,DDHD2,down
3,DDC,down
3,DDC,up
3,DDAH1,down
3,DCXR,down
3,DCUN1D3,up
3,DCUN1D2,down
3,DCUN1D1,up
3,DCTPP1,down
3,DCTN6,down
3,DCTN2,down
3,DCTD,up
3,DCT,up
3,DCN,down
3,DCLK1,down
3,DCC,down
3,DCBLD1,down
3,DCAF5,down
3,DCAF12,down
3,DCAF12,down
3,DCAF11,up
3,DBNL,down
3,DBNL,down
3,DBNDD2,up
3,DBI,down
3,DBI,up
3,DAXX,up
3,DARS2,down
3,DARS2,down
3,DARS2,down
3,DARS1,up
3,DARS1,up
3,DARS1,up
3,DAPP1,up
3,DAPP1,down
3,DAPP1,up
3,DAPK2,up
3,DAG1,up
3,DAB2,down
3,DAB2,down
3,DAB2,down
3,CYTL1,down
3,CYTH4,up
3,CYTH4,up
3,CYRIB,up
3,CYRIB,up
3,CYP3A4,down
3,CYP3A4,up
3,CYCS,up
3,CYBRD1,up
3,CYB5R3,down
3,CYB5R2,up
3,CYB5R2,down
3,CYB5R1,down
3,CXCL9,down
3,CXCL9,down
3,CXCL8,down
3,CXCL8,down
3,CXCL3,up
3,CXCL16,up
3,CXCL14,down
3,CXCL14,down
3,CXCL13,up
3,CXCL10,up
3,CXCL1,down
3,CXADR,down
3,CXADR,down
3,CX3CL1,down
3,CWF19L1,up
3,CWF19L1,down
3,CUL1,down
3,CUEDC1,down
3,CUBN,down
3,CTSZ,up
3,CTSV,up
3,CTSS,up
3,CTSG,up
3,CTSF,up
3,CTSD,down
3,CTSB,up
3,CTSB,up
3,CTSA,down
3,CTRC,down
3,CTRC,down
3,CTPS1,up
3,CTPS1,down
3,CTNNBIP1,up
3,CTNNB1,down
3,CTNNA2,up
3,CTHRC1,down
3,CTHRC1,up
3,CTDSPL,down
3,CTDSP1,up
3,CTDSP1,down
3,CTCF,up
3,CTCF,up
3,CTBP1,down
3,CTAG1A,up
3,CT83,down
3,CT55,down
3,CSTF1,up
3,CSTB,down
3,CST8,up
3,CST8,down
3,CST7,up
3,CST7,up
3,CST6,down
3,CST6,down
3,CST5,down
3,CST3,down
3,CST2,up
3,CSRP3,down
3,CSRP2,up
3,CSRP2,down
3,CSRP1,up
3,CSRP1,up
3,CSRP1,up
3,CSNK2A1,up
3,CSNK2A1,down
3,CSNK1G2,up
3,CSNK1G1,up
3,CSNK1D,down
3,CSMD2,down
3,CSMD1,up
3,CSK,down
3,CSK,down
3,CSK,down
3,CSF3,down
3,CSF3,down
3,CSF1,up
3,CSF1,up
3,CSDE1,down
3,CS,up
3,CS,up
3,CRYZ,down
3,CRYGS,down
3,CRYGD,down
3,CRYGA,down
3,CRYBB1,down
3,CRYBB1,up
3,CRTC3,up
3,CRTC3,up
3,CRTAM,down
3,CRTAC1,up
3,CRTAC1,down
3,CRPPA,down
3,CRP,up
3,CRLF2,up
3,CRLF2,up
3,CRKL,up
3,CRKL,up
3,CRK,up
3,CRISP3,up
3,CRIP2,down
3,CRIP1,up
3,CRIM1,down
3,CRHBP,down
3,CRH,up
3,CRH,down
3,CRELD1,up
3,CREG1,up
3,CREBBP,down
3,CREBBP,down
3,CREB3L4,up
3,CREB1,up
3,CRAT,up
3,CRACR2A,up
3,CRABP2,up
3,CRABP1,down
3,CPXM1,down
3,CPTP,up
3,CPQ,up
3,CPQ,down
3,CPQ,up
3,CPNE7,up
3,CPNE1,down
3,CPNE1,down
3,CPN2,down
3,CPN1,down
3,CPM,up
3,CPM,up
3,CPLX2,up
3,CPLX1,up
3,CPE,down
3,CPD,down
3,CPB2,down
3,CP,down
3,CP,up
3,COX5A,down
3,COX4I2,up
3,COX19,up
3,COX19,up
3,COX19,up
3,COTL1,up
3,COQ9,up
3,COQ5,up
3,COPS8,up
3,COPS8,up
3,COPS2,up
3,COPB2,up
3,COPB2,up
3,COMTD1,up
3,COMT,up
3,COMT,up
3,COMT,up
3,COMP,up
3,COMMD8,up
3,COMMD6,up
3,COMMD1,up
3,COLGALT2,up
3,COLGALT1,up
3,COLEC12,up
3,COL9A3,up
3,COL9A1,up
3,COL9A1,up
3,COL6A3,up
3,COL6A2,up
3,COL6A2,up
3,COL5A1,up
3,COL28A1,up
3,COL23A1,up
3,COL23A1,up
3,COL1A1,up
3,COL18A1,up
3,COL15A1,up
3,COL15A1,up
3,COL15A1,up
3,COL13A1,up
3,COL11A2,up
3,COL10A1,up
3,COG8,up
3,COASY,up
3,COA4,up
3,COA4,up
3,CNTNAP2,up
3,CNTN5,up
3,CNTN5,up
3,CNTN4,up
3,CNTN4,up
3,CNTN3,up
3,CNTN1,up
3,CNTN1,up
3,CNTFR,up
3,CNPY3,up
3,CNPY3,up
3,CNPY3,up
3,CNN2,up
3,CNMD,up
3,CNGA2,up
3,CNDP1,up
3,CMTM4,up
3,CMPK1,up
3,CMC4,up
3,CMBL,up
3,CLUH,up
3,CLTA,up
3,CLTA,up
3,CLSTN3,up
3,CLPSL1,up
3,CLPP,up
3,CLN5,up
3,CLMP,up
3,CLMP,up
3,CLK2,up
3,CLINT1,up
3,CLIC5,up
3,CLIC4,up
3,CLIC4,up
3,CLIC4,up
3,CLIC3,up
3,CLIC2,up
3,CLIC1,up
3,CLIC1,up
3,CLIC1,up
3,CLEC9A,up
3,CLEC7A,down
3,CLEC7A,up
3,CLEC4G,up
3,CLEC4G,up
3,CLEC4C,up
3,CLEC3B,up
3,CLEC2L,up
3,CLEC2D,up
3,CLEC1B,up
3,CLEC1B,up
3,CLEC1A,up
3,CLEC11A,up
3,CLEC11A,down
3,CLCA2,up
3,CLCA1,up
3,CKS1B,up
3,CKMT1A,up
3,CKM,up
3,CKB,up
3,CKB,up
3,CKAP2,up
3,CKAP2,down
3,CISD2,up
3,CISD2,up
3,CISD1,up
3,CIRBP,down
3,CIRBP,up
3,CILP2,up
3,CILP,up
3,CILP,down
3,CIB1,up
3,CIAO1,up
3,CHTF8,up
3,CHST6,up
3,CHST4,up
3,CHST2,up
3,CHST2,down
3,CHST15,up
3,CHST14,up
3,CHST14,down
3,CHST12,up
3,CHST11,up
3,CHST11,up
3,CHST10,up
3,CHST1,up
3,CHST1,up
3,CHRNA5,up
3,CHRD,up
3,CHN1,up
3,CHMP2B,up
3,CHMP2B,up
3,CHMP2A,up
3,CHMP2A,up
3,CHMP2A,up
3,CHMP1B,down
3,CHMP1B,up
3,CHMP1A,up
3,CHMP1A,down
3,CHL1,up
3,CHI3L1,up
3,CHGB,up
3,CHGA,up
3,CHGA,up
3,CHFR,up
3,CHEK2,up
3,CHD1L,down
3,CHCHD7,up
3,CHCHD10,down
3,CHAC2,down
3,CGREF1,up
3,CGREF1,up
3,CGB3,up
3,CGB2,up
3,CGB2,down
3,CFP,up
3,CFP,up
3,CFL2,up
3,CFL1,up
3,CFHR5,up
3,CFHR3,up
3,CFHR2,down
3,CFHR1,up
3,CFD,up
3,CFD,up
3,CFC1,up
3,CFAP36,up
3,CFAP298,up
3,CETP,up
3,CETP,up
3,CETN3,up
3,CETN3,up
3,CETN2,down
3,CES3,up
3,CES3,up
3,CES1,down
3,CERS5,up
3,CERS5,up
3,CER1,down
3,CEP41,down
3,CEP41,up
3,CEMIP2,down
3,CELF2,down
3,CEBPE,up
3,CEBPE,up
3,CEBPB,up
3,CEACAM8,up
3,CEACAM3,up
3,CEACAM21,up
3,CEACAM16,up
3,CDSN,down
3,CDSN,up
3,CDON,up
3,CDNF,up
3,CDNF,down
3,CDKN2D,down
3,CDKN2D,up
3,CDKN1A,up
3,CDKL2,up
3,CDK5RAP3,up
3,CDK2AP2,up
3,CDK2AP1,down
3,CDHR3,up
3,CDHR1,down
3,CDH8,down
3,CDH6,up
3,CDH6,up
3,CDH2,down
3,CDH17,down
3,CDH15,up
3,CDH13,up
3,CDH11,up
3,CDH11,up
3,CDH1,up
3,CDCP1,up
3,CDC42EP4,down
3,CDC42EP4,down
3,CDC42BPB,down
3,CDC42,up
3,CDC42,up
3,CDC37,up
3,CDC25B,down
3,CDA,up
3,CD99L2,up
3,CD96,up
3,CD93,down
3,CD8B,down
3,CD8A,down
3,CD86,up
3,CD86,down
3,CD82,down
3,CD81,down
3,CD79A,up
3,CD72,up
3,CD70,down
3,CD7,down
3,CD68,down
3,CD68,down
3,CD6,up
3,CD6,down
3,CD5L,down
3,CD59,up
3,CD59,up
3,CD55,up
3,CD48,up
3,CD48,down
3,CD47,up
3,CD46,down
3,CD40LG,down
3,CD4,down
3,CD4,up
3,CD3E,down
3,CD3E,up
3,CD38,down
3,CD34,up
3,CD300LG,up
3,CD300E,up
3,CD300C,down
3,CD300A,down
3,CD248,down
3,CD248,down
3,CD247,up
3,CD226,up
3,CD226,down
3,CD207,up
3,CD200R1,down
3,CD200,down
3,CD2,up
3,CD2,down
3,CD1D,up
3,CD1D,down
3,CD163,up
3,CD160,down
3,CD14,up
3,CD109,down
3,CCT8,up
3,CCT5,down
3,CCPG1,down
3,CCNH,down
3,CCNB2,down
3,CCNB1,down
3,CCNA2,up
3,CCNA1,down
3,CCN6,up
3,CCN2,up
3,CCN1,up
3,CCL8,up
3,CCL8,down
3,CCL7,up
3,CCL4L1,down
3,CCL3L1,up
3,CCL3,up
3,CCL27,up
3,CCL27,down
3,CCL24,up
3,CCL23,down
3,CCL22,up
3,CCL22,down
3,CCL20,down
3,CCL19,up
3,CCL16,up
3,CCL15,down
3,CCL14,up
3,CCL13,up
3,CCL13,up
3,CCL11,up
3,CCL1,up
3,CCK,up
3,CCDC97,down
3,CCDC90B,up
3,CCDC9,down
3,CCDC80,down
3,CCDC69,down
3,CCDC69,down
3,CCDC69,up
3,CCDC59,down
3,CCDC59,down
3,CCDC51,down
3,CCDC50,down
3,CCDC149,down
3,CCDC134,up
3,CCDC126,down
3,CCDC115,down
3,CCDC103,down
3,CBX7,down
3,CBX5,up
3,CBX3,up
3,CBX1,down
3,CBX1,down
3,CBR4,down
3,CBR1,up
3,CBLN4,up
3,CBLN2,down
3,CBLN1,down
3,CBLN1,up
3,CBLC,down
3,CBL,up
3,CAVIN1,down
3,CAV3,up
3,CATIP,down
3,CAT,down
3,CASTOR1,up
3,CASS4,down
3,CASQ1,down
3,CASP7,down
3,CASP4,down
3,CASP3,down
3,CASP3,up
3,CASP3,up
3,CASP2,down
3,CASP2,up
3,CASP2,down
3,CASP10,up
3,CARD19,down
3,CARD17,up
3,CAPZA1,up
3,CAPZA1,down
3,CAPS,up
3,CAPN9,down
3,CAPN2,up
3,CAPN2,down
3,CAPN2,down
3,CAPG,down
3,CAP1,down
3,CAP1,down
3,CANX,up
3,CANT1,down
3,CAND1,down
3,CAMP,down
3,CAMLG,down
3,CAMK4,down
3,CAMK4,down
3,CAMK2N2,up
3,CAMK2A,down
3,CALY,up
3,CALR,down
3,CALR,up
3,CALD1,down
3,CALD1,down
3,CALCR,down
3,CALCOCO2,down
3,CALCB,up
3,CALB2,down
3,CADPS2,down
3,CADPS2,up
3,CADM2,down
3,CACYBP,down
3,CACYBP,down
3,CACNB4,up
3,CACNB4,down
3,CACNA2D3,down
3,CABP5,up
3,CABLES2,up
3,CABLES2,down
3,CAB39,up
3,CAB39,up
3,CAB39,down
3,CA9,up
3,CA9,up
3,CA9,up
3,CA7,up
3,CA6,down
3,CA6,up
3,CA4,down
3,CA3,down
3,CA2,up
3,CA2,down
3,CA13,up
3,CA13,up
3,CA13,down
3,CA12,down
3,CA11,down
3,CA10,down
3,CA10,down
3,C9,down
3,C8G,down
3,C7orf69,up
3,C7orf69,down
3,C7,up
3,C6orf89,down
3,C5orf63,down
3,C5orf46,down
3,C5,down
3,C5,up
3,C4orf36,up
3,C3orf18,down
3,C3,down
3,C3,up
3,C3,down
3,C2orf68,up
3,C2orf68,down
3,C2orf68,down
3,C2orf66,down
3,C20orf202,down
3,C1RL,down
3,C1RL,down
3,C1R,down
3,C1R,down
3,C1QTNF9,up
3,C1QTNF5,down
3,C1QTNF4,down
3,C1QTNF3,down
3,C1QTNF1,down
3,C1QL3,up
3,C1QL3,up
3,C1QL2,down
3,C1QL2,up
3,C1QL1,down
3,C1QBP,up
3,C1orf50,down
3,C1orf185,up
3,C1orf162,down
3,C1orf162,down
3,C1GALT1C1,up
3,C1GALT1C1,up
3,C19orf54,down
3,C19orf53,down
3,C19orf18,down
3,C17orf78,up
3,C17orf78,down
3,C16orf72,down
3,C15orf40,up
3,C12orf65,down
3,C12orf65,up
3,C11orf87,up
3,C11orf68,down
3,C11orf68,down
3,C11orf49,up
3,C10orf105,up
3,C10orf105,down
3,C10orf105,down
3,BZW2,up
3,BZW2,down
3,BZW2,down
3,BUD31,down
3,BUB1,down
3,BTNL9,down
3,BTNL8,up
3,BTN3A3,up
3,BTN3A3,up
3,BTN3A3,up
3,BTN3A2,up
3,BTN2A2,down
3,BTN2A1,up
3,BTK,down
3,BTK,up
3,BTK,down
3,BTG2,down
3,BTG1,down
3,BTD,down
3,BTC,down
3,BTC,down
3,BTC,up
3,BST2,down
3,BST2,down
3,BSG,up
3,BRSK2,down
3,BRPF1,up
3,BROX,down
3,BRK1,down
3,BRICD5,down
3,BRF1,up
3,BRDT,down
3,BRD4,down
3,BRD4,down
3,BRD2,down
3,BRD2,down
3,BRD1,up
3,BRAF,down
3,BPTF,up
3,BPNT1,down
3,BPHL,down
3,BOLA2,down
3,BOLA1,down
3,BNIP3L,down
3,BMX,up
3,BMX,down
3,BMT2,down
3,BMPR2,up
3,BMPR1A,up
3,BMPR1A,down
3,BMPER,down
3,BMPER,up
3,BMP8B,down
3,BMP8B,down
3,BMP6,up
3,BMP4,down
3,BMP4,up
3,BMP2,down
3,BMP2,up
3,BMP10,down
3,BMP10,down
3,BMP1,down
3,BMP1,down
3,BMI1,up
3,BLOC1S5,up
3,BLNK,down
3,BLMH,down
3,BLMH,down
3,BLK,up
3,BIRC7,up
3,BIRC2,down
3,BIN3,up
3,BIN2,up
3,BIN2,down
3,BIN2,down
3,BID,down
3,BID,down
3,BICD1,up
3,BGN,up
3,BGLAP,down
3,BET1L,down
3,BECN1,down
3,BECN1,up
3,BDP1,down
3,BDNF,down
3,BDH2,down
3,BCL7A,down
3,BCL2L2,down
3,BCL2L2,down
3,BCL2L2,down
3,BCL2L10,up
3,BCL2A1,down
3,BCL2A1,down
3,BCL2A1,down
3,BCL2,down
3,BCL2,down
3,BCL10,down
3,BCHE,down
3,BCCIP,down
3,BCAR3,down
3,BCAN,up
3,BATF3,down
3,BATF,down
3,BASP1,up
3,BAP18,down
3,BAMBI,up
3,BAMBI,up
3,BAIAP2,down
3,BAIAP2,down
3,BAGE3,up
3,BAGE2,up
3,BAGE2,up
3,BAGE2,up
3,BAG5,down
3,BAG4,down
3,BAG2,up
3,BAG1,down
3,BACH1,down
3,B9D2,up
3,B4GALT6,down
3,B4GALT5,down
3,B4GALT3,down
3,B4GALT2,down
3,B4GALT2,down
3,B4GALT1,down
3,B4GALNT1,down
3,B3GNT8,down
3,B3GNT4,up
3,B3GALT5,down
3,B3GALT2,up
3,B3GALT2,down
3,B3GALT1,down
3,B2M,down
3,AZU1,down
3,AZU1,down
3,AZGP1,down
3,AXIN2,down
3,AVEN,down
3,AUH,down
3,ATXN3,down
3,ATXN10,down
3,ATP6V1F,up
3,ATP6V1C2,down
3,ATP6V1C2,down
3,ATP6V1C1,up
3,ATP5PO,up
3,ATP5PB,down
3,ATP5PB,up
3,ATP5IF1,down
3,ATP5F1B,down
3,ATP4B,down
3,ATP2A3,down
3,ATP1B3,down
3,ATP1B3,up
3,ATP1B2,up
3,ATOX1,down
3,ATG7,down
3,ATG7,down
3,ATG4A,up
3,ATG3,up
3,ATF6,down
3,ATF5,up
3,ATF1,up
3,ATE1,down
3,ATE1,down
3,ATAD2,down
3,ATAD1,down
3,ASRGL1,down
3,ASPN,down
3,ASPH,down
3,ASPA,up
3,ASNS,down
3,ASIC4,down
3,ASH2L,down
3,ASGR1,down
3,ASF1B,down
3,ASF1A,up
3,ASCC2,up
3,ASCC1,down
3,ASCC1,down
3,ASB9,down
3,ASAP3,up
3,ASAH2,up
3,ASAH2,up
3,ARTN,down
3,ART4,down
3,ARSK,down
3,ARSA,down
3,ARRDC3,up
3,ARRB1,up
3,ARRB1,down
3,ARRB1,down
3,ARPP21,down
3,ARPP19,up
3,ARPC2,down
3,ARPC2,down
3,ARPC1B,down
3,ARPC1B,down
3,ARNT,down
3,ARMC5,down
3,ARMC3,down
3,ARL9,down
3,ARL8B,up
3,ARL8A,down
3,ARL8A,up
3,ARL8A,down
3,ARL6IP5,down
3,ARL6IP5,up
3,ARL6IP5,up
3,ARL6IP1,down
3,ARL6,down
3,ARL6,down
3,ARL5B,down
3,ARL5B,down
3,ARL5A,up
3,ARL4D,up
3,ARL3,down
3,ARL2BP,down
3,ARL11,down
3,ARL11,up
3,ARL1,down
3,ARID3A,up
3,ARHGEF7,up
3,ARHGEF2,down
3,ARHGEF10,up
3,ARHGEF1,up
3,ARHGDIB,down
3,ARHGDIB,down
3,ARHGDIA,down
3,ARHGAP6,down
3,ARHGAP6,down
3,ARHGAP6,up
3,ARHGAP45,down
3,ARHGAP45,down
3,ARHGAP45,down
3,ARHGAP36,up
3,ARHGAP30,up
3,ARHGAP30,down
3,ARHGAP30,down
3,ARHGAP25,up
3,ARHGAP22,down
3,ARHGAP1,up
3,ARHGAP1,down
3,ARFIP2,down
3,ARFIP1,down
3,ARFIP1,up
3,ARFGAP2,down
3,ARFGAP2,up
3,ARF4,up
3,ARF4,down
3,AREG,up
3,ARC,down
3,ARC,down
3,APTX,up
3,APRT,down
3,APRT,down
3,APOM,down
3,APOL1,up
3,APOF,down
3,APOE,down
3,APOD,down
3,APOD,down
3,APOC2,up
3,APOC1,down
3,APOBEC3G,up
3,APOBEC2,down
3,APOB,down
3,APOA5,down
3,APOA4,down
3,APOA1,down
3,APOA1,down
3,APMAP,down
3,APLP2,up
3,APLP2,down
3,APLP1,down
3,APLP1,up
3,APLN,down
3,APEX1,down
3,APEX1,down
3,APCDD1,up
3,APBB2,up
3,APBB2,up
3,APBB1IP,up
3,APBB1IP,up
3,APBB1,up
3,AP2B1,down
3,AP2A2,down
3,AP1G2,down
3,AP1B1,down
3,AP1AR,down
3,AP1AR,up
3,ANXA8,up
3,ANXA7,up
3,ANXA7,down
3,ANXA7,down
3,ANXA2,up
3,ANXA2,up
3,ANXA11,down
3,ANXA11,down
3,ANXA11,down
3,ANTXR2,down
3,ANTXR1,down
3,ANTKMT,down
3,ANP32B,up
3,ANP32B,down
3,ANP32A,down
3,ANOS1,down
3,ANOS1,down
3,ANKRD54,up
3,ANKRD54,up
3,ANKRD40,down
3,ANKRD2,up
3,ANKRD16,down
3,ANKRA2,down
3,ANKMY2,up
3,ANGPTL8,down
3,ANGPTL7,up
3,ANGPTL3,up
3,ANGPT4,up
3,ANGPT4,up
3,ANGPT2,down
3,ANGPT2,down
3,ANG,down
3,ANAPC10,up
3,ANAPC10,up
3,AMY2B,down
3,AMT,down
3,AMPH,down
3,AMPD2,up
3,AMPD2,down
3,AMMECR1L,up
3,AMIGO2,down
3,AMH,down
3,AMH,down
3,AMBP,down
3,ALPL,up
3,ALPI,down
3,ALPI,up
3,ALPG,down
3,ALKAL2,down
3,ALK,down
3,ALDOC,down
3,ALDH6A1,up
3,ALDH3B1,up
3,ALDH3B1,down
3,ALDH3A1,down
3,ALDH1A3,down
3,ALB,up
3,AKT3,down
3,AKT3,up
3,AKT2,down
3,AKT1S1,down
3,AKT1S1,up
3,AKT1,down
3,AKT1,up
3,AKR7A2,down
3,AKR7A2,down
3,AKR7A2,down
3,AKR1C4,up
3,AKR1C3,down
3,AKR1C2,up
3,AKR1C2,up
3,AKR1B10,up
3,AKR1B1,up
3,AKR1B1,down
3,AKR1A1,down
3,AKR1A1,down
3,AKIRIN2,up
3,AK2,down
3,AK2,up
3,AIPL1,up
3,AIP,up
3,AIMP1,down
3,AIF1L,down
3,AIF1L,down
3,AIDA,up
3,AIDA,down
3,AHSG,down
3,AHCYL1,down
3,AHCYL1,up
3,AGXT,down
3,AGRP,down
3,AGO3,up
3,AGO1,down
3,AGFG2,down
3,AGFG1,down
3,AGFG1,down
3,AFP,up
3,AFP,up
3,AFM,down
3,AFAP1L1,down
3,ADSS2,down
3,ADRM1,down
3,ADPRS,down
3,ADPRH,down
3,ADPGK,up
3,ADM,down
3,ADM,down
3,ADK,down
3,ADIPOQ,down
3,ADI1,down
3,ADH5,down
3,ADH1B,down
3,ADGRG1,up
3,ADGRF1,down
3,ADGRF1,down
3,ADGRE5,down
3,ADGRB2,up
3,ADGRB1,down
3,ADCYAP1,up
3,ADCYAP1,down
3,ADCYAP1,up
3,ADAT2,down
3,ADAT1,up
3,ADAMTSL2,up
3,ADAMTS6,down
3,ADAMTS6,down
3,ADAMTS4,up
3,ADAMTS3,down
3,ADAMTS3,up
3,ADAMTS3,down
3,ADAMTS15,down
3,ADAMTS13,down
3,ADAMTS1,down
3,ADAMTS1,up
3,ADAMDEC1,down
3,ADAMDEC1,down
3,ADAM29,up
3,ADAM28,down
3,ADAM23,up
3,ADAM22,down
3,ADAM22,down
3,ADAM17,down
3,ADAM15,down
3,ADAM12,down
3,ADAM10,down
3,ADA2,up
3,ADA,up
3,ADA,down
3,ACYP2,up
3,ACYP1,down
3,ACY3,down
3,ACVRL1,down
3,ACVRL1,down
3,ACVR2B,down
3,ACVR1B,up
3,ACVR1B,up
3,ACTN1,up
3,ACTN1,down
3,ACTN1,down
3,ACSS2,up
3,ACSF2,down
3,ACRV1,down
3,ACP3,down
3,ACOX1,down
3,ACOX1,up
3,ACOT13,down
3,ACOT13,down
3,ACO1,down
3,ACLY,down
3,ACE2,down
3,ACE,down
3,ACBD6,down
3,ACBD6,down
3,ACBD4,up
3,ACAP2,down
3,ACAP2,down
3,ACAN,down
3,ACADVL,down
3,ACADVL,down
3,ACADM,down
3,ACAD8,up
3,ACAA1,down
3,ABRAXAS2,down
3,ABRAXAS1,down
3,ABR,down
3,ABL2,down
3,ABL1,up
3,ABL1,down
3,ABHD5,down
3,ABHD14B,down
3,ABHD14A,down
3,ABHD14A,down
3,ABHD14A,down
3,ABHD12,down
3,ABHD10,up
3,ABCD4,down
3,ABCC6,down
3,ABCC6,down
3,AASDHPPT,down
3,AASDHPPT,down
3,AARSD1,down
3,AARSD1,up
3,AARS1,down
3,AARS1,down
3,AARS1,down
3,AADAT,up
3,AACS,up
3,AACS,down
3,A1CF,up